title,color_breif,fullPrice,currentPrice,publish_date
Nike Go FlyEase,Black/White,114.95,114.95,2022-09-13T08:44:00.000Z
Nike Air Force 1 '07,White/White,109.95,109.95,2020-07-20T22:00:00.000Z
Nike Air Force 1 '07,White/White/Wolf Grey,109.95,109.95,2022-12-16T08:00:00.000Z
Nike Dunk Low,Midnight Navy/Summit White/White/Light Smoke Grey,109.95,109.95,2023-01-30T15:26:00.000Z
Nike Air Max Plus,Black/Black/Black,169.95,169.95,2012-06-30T22:00:00.000Z
Nike Air Max Alpha Trainer 5,Black/Black/White,72.95,51.47,2022-06-29T12:48:00.000Z
Nike Air Max Excee,Black/Dark Grey/Black,109.95,54.97,2022-11-01T08:00:00.000Z
Nike Air Force 1 '07,White/Picante Red/Wolf Grey,114.95,114.95,2023-01-03T08:00:00.000Z
Nike Dunk Low By You,Multi-Colour/Multi-Colour,114.95,114.95,2022-03-01T17:00:00.000Z
Nike Dunk Low By You,Multi-Colour/Multi-Colour,114.95,114.95,2022-03-01T17:00:00.000Z
Nike Air Force 1 '07,White/Black,109.95,109.95,2022-10-19T12:44:00.000Z
Nike Dunk Low Retro SE,Light Orewood Brown/Light Orewood Brown/University Red/Pale Ivory,109.95,109.95,2023-01-23T00:00:00.000Z
Nike Waffle One,Black/White/Orange/Black,89.95,44.97,2021-05-20T07:00:00.000Z
Nike Air Max Plus 3,Black/Smoke Grey/White,179.95,125.97,2022-12-26T08:00:00.000Z
Nike Air Max Plus Utility,Wolf Grey/Cool Grey/Varsity Maize/Black,179.95,179.95,2023-02-16T08:00:00.000Z
Nike Dunk Low Retro,White/White/Pure Platinum,99.95,99.95,2023-01-30T15:25:00.000Z
Nike Air Max TW Next Nature,Black/Iron Grey/White/Baltic Blue,144.95,86.97,2023-02-02T08:00:00.000Z
Nike Air Max Terrascape Plus,Black/Anthracite/Black/Anthracite,179.95,179.95,2022-12-26T08:00:00.000Z
Nike Dunk High Retro,Blue Chill/White/Amarillo/Blue Chill,109.95,109.95,2022-12-08T14:12:00.000Z
Air Jordan 1 Low,True Blue/White/Cement Grey,109.95,109.95,2023-01-17T08:00:00.000Z
Air Jordan 1 Low SE,White/Black,114.95,114.95,2023-02-20T15:00:00.000Z
Nike Air Force 1 '07,Black/Wolf Grey/Metallic Silver,114.95,114.95,2023-01-05T08:00:00.000Z
Air Jordan 1 Mid,White/Obsidian/Metallic Gold,114.95,114.95,2023-01-16T00:00:00.000Z
Nike Air Force 1 '07,Light Smoke Grey/Summit White/White/Midnight Navy,114.95,114.95,2023-01-31T08:00:00.000Z
Nike Zoom Rival,Black/Light Smoke Grey/Dark Smoke Grey/Metallic Silver,69.95,69.95,2023-03-21T08:00:00.000Z
Nike Zoom Mercurial Vapor 15 Academy TF,Black/Summit White/Volt/Dark Smoke Grey,74.95,74.95,2022-12-16T08:00:00.000Z
NikeCourt Legacy,Black/White,69.95,41.97,2022-03-28T09:30:00.000Z
Nike Air Max 95 By You,Multi-Colour/Multi-Colour/Multi-Colour/Multi-Colour,179.95,179.95,2022-06-07T16:00:00.000Z
Nike Zoom Mercurial Superfly 9 Pro FG,Yellow Strike/Doll/Coconut Milk/Sunset Glow,144.95,72.47,2022-09-01T12:20:00.000Z
Nike Wearallday,White/Black,69.95,69.95,2021-12-14T14:34:00.000Z
Nike Air Penny 2,Black/White/Football Grey/Multi-Colour,169.95,169.95,2023-02-09T10:44:00.000Z
Nike Gripknit Phantom GX Elite FG By You,Volt/Volt,259.95,259.95,2023-01-17T17:00:00.000Z
Nike Air Presto,Black/White/Black,119.95,119.95,2021-02-15T08:00:00.000Z
Air Jordan 1 Low FlyEase,Black/White/Gym Red,134.95,134.95,2023-03-30T10:33:00.000Z
Nike Air Max 97 By You,Multi-Colour/Multi-Colour/Multi-Colour/Multi-Colour,189.95,189.95,2021-05-03T16:00:00.000Z
NikeCourt Air Zoom Lite 3,Mineral Teal/Gridiron/Sail,59.95,59.95,2023-03-24T08:00:00.000Z
Nike Vomero 16,Black/Ashen Slate/White/Football Grey,144.95,144.95,2023-01-05T08:00:00.000Z
Nike Air More Uptempo '96,White/Pure Platinum/Racer Blue,169.95,118.97,2023-02-01T08:00:00.000Z
Nike Metcon 8 FlyEase AMP,Court Purple/Barely Volt/Blackened Blue/Baltic Blue,134.95,134.95,2023-01-09T08:00:00.000Z
Jordan Jumpman Pro,White/Metallic Silver/White/Cherrywood Red,129.95,129.95,2022-09-19T07:00:00.000Z
Nike Pegasus Trail 4 By You,Multi-Colour/Multi-Colour,134.95,134.95,2023-04-03T16:00:00.000Z
Nike Dunk Low,Black/Volt/White/Photon Dust,109.95,109.95,2023-01-17T08:00:00.000Z
Jordan ADG 4,Football Grey/Alabaster/White/University Blue,159.95,159.95,2023-03-01T08:00:00.000Z
Nike Legend Essential 2,Black/University Red/White/Black,54.95,43.97,2023-02-01T08:17:00.000Z
Nike Air Flight 89,White/White/White/Black,114.95,114.95,2023-01-12T08:00:00.000Z
Air Jordan 1 Low G,White/White,114.95,114.95,2022-06-13T09:48:00.000Z
Nike Air Max Alpha Trainer 5,Pure Platinum/Black/Green Abyss/Volt,74.95,74.95,2023-01-16T08:00:00.000Z
Nike Phantom GX Club IC,Black/Dark Smoke Grey/Total Orange/Summit White,54.95,54.95,2023-01-19T08:00:00.000Z
Nike Pegasus 39 Shield By You,Multi-Colour/Multi-Colour/Multi-Colour,152.95,152.95,2022-10-27T21:45:00.000Z
Nike VaporMax 2021 Flyknit,Wolf Grey/Medium Blue/Dark Smoke Grey/Medium Blue,199.95,159.97,2023-03-01T08:00:00.000Z
Nike Gripknit Phantom GX Elite Dynamic Fit FG,Black/Dark Smoke Grey/Total Orange/Summit White,249.95,249.95,2023-01-16T08:00:00.000Z
Kyrie Low 5,Iron Grey/Wolf Grey/Cool Grey/Coconut Milk,112.95,67.97,2023-01-01T14:21:00.000Z
Nike Vapor Drive,University Red/Black/White,113.95,71.97,2022-12-22T08:00:00.000Z
Nike Free Metcon 5,Volt/Wolf Grey/Black/Diffused Blue,114.95,114.95,2023-04-13T07:00:00.000Z
Nike Metcon 8 MF,Black/Dark Smoke Grey/Smoke Grey/White,124.95,87.47,2022-10-16T07:00:00.000Z
Giannis Immortality 2,Black/Wolf Grey/University Red,74.95,74.95,2023-03-22T08:00:00.000Z
Nike Zoom Mercurial Superfly 9 Elite SG-Pro Anti-Clog Traction,Black/Summit White/Volt/Dark Smoke Grey,259.95,259.95,2022-07-25T07:00:00.000Z
Nike Air Max Impact 4,Black/Anthracite/White/Metallic Gold Star,84.95,84.95,2022-09-19T07:00:00.000Z
Nike Air Deldon 'Deldon Designs',Phantom/Zinnia/Sangria,109.95,109.95,2023-01-20T08:00:00.000Z
Nike Juniper Trail 2 Next Nature,Black/Khaki/Sand Drift/Ironstone,79.95,79.95,2023-03-27T07:00:00.000Z
Nike Tanjun,Black/Barely Volt/Black,69.95,69.95,2022-02-28T23:00:00.000Z
Air Jordan Dub Zero,White/Black/Neutral Grey/True Red,149.95,149.95,2022-10-28T07:00:00.000Z
Nike Tiempo Legend 9 Club TF,Black/Summit White/Light Photo Blue/Black,49.95,49.95,2022-11-01T08:00:00.000Z
Nike React Infinity 3,Black/Black/Black,152.95,152.95,2022-03-31T07:00:00.000Z
Nike Air Max 95 Ultra,Diffused Blue/White/Black/Obsidian,169.95,101.97,2023-01-05T08:00:00.000Z
NikeCourt Air Zoom NXT,Black/White,144.95,144.95,2022-12-16T08:00:00.000Z
Nike Court Vintage Premium,White/Enigma Stone/Gum Light Brown/Fossil,69.95,69.95,2023-03-21T08:00:00.000Z
Nike Air Max TW,Flat Pewter/White/Black/Obsidian,144.95,144.95,2023-04-03T07:00:00.000Z
Nike Air Max 90 Unlocked By You,Multi-Colour/Multi-Colour,169.95,169.95,2022-10-10T16:00:00.000Z
Nike Terminator High OG,Granite/Sail/Dark Obsidian,124.95,124.95,2022-11-07T14:58:00.000Z
LeBron Witness 7,Fuchsia Dream/Sail/White/Citron Tint,104.95,104.95,2022-12-16T08:00:00.000Z
Nike SB Force 58,Dutch Blue/White/Black,69.95,69.95,2023-03-31T07:00:00.000Z
Nike Air Force 1 Mid React,White/Yellow Ochre/Metallic Gold/Black,134.95,134.95,2022-10-05T07:00:00.000Z
Nike SB Force 58,Midnight Navy/White/Diffused Blue/Safety Orange,69.95,41.97,2022-12-16T08:00:00.000Z
NikeCourt Air Zoom Vapor Cage 4 Rafa,Green Abyss/Vivid Purple/Ocean Bliss/White,144.95,144.95,2023-03-24T08:00:00.000Z
Nike x Ambush Air Adjust Force,University Blue/Black/Habanero Red/Black,189.95,189.95,2022-10-07T13:10:00.000Z
Nike Court Vision Mid Next Nature,Light Smoke Grey/Sail/Black,74.95,74.95,2023-03-21T08:00:00.000Z
Nike ACG Air Zoom Gaiadome GORE-TEX,Trails End Brown/Black,204.95,204.95,2023-01-17T08:00:00.000Z
Nike Winflo 10,White/Light Crimson/Black,99.95,99.95,2023-03-24T08:00:00.000Z
NikeCourt Air Zoom Lite 3,Mineral Teal/Gridiron/Sail,59.95,59.95,2023-03-24T08:00:00.000Z
Nike SB Ishod Premium,Black/Black/Black/University Red,99.95,99.95,2023-03-21T08:00:00.000Z
Nike Air Max 97,Black/Phantom/Coconut Milk/White,164.95,115.47,2022-11-07T08:00:00.000Z
Zion 2,Fossil/Team Gold/University Red/Sail,114.95,114.95,2022-09-15T07:09:00.000Z
Jordan Air 200E,Hot Curry/Team Orange/Summit White/Black,119.95,83.97,2022-08-01T16:10:00.000Z
Nike Metcon 8,Flat Pewter/Gum Medium Brown/Light Crimson/Phantom,124.95,124.95,2022-12-19T08:00:00.000Z
Nike Air More Uptempo '96,Black/University Red/White/Black,164.95,115.47,2022-11-14T08:00:00.000Z
Nike Air Force 1 Mid By You,Multi-Colour/Multi-Colour/Multi-Colour,134.95,134.95,2022-10-03T16:00:00.000Z
Jordan Series Mid,Flax/Sail/Sail,89.95,89.95,2023-04-13T07:00:00.000Z
Nike Free Run 5.0,Black/Off-Noir/Black,109.95,109.95,2022-05-01T10:00:00.000Z
Nike Venture Runner,Black/Black/White,64.95,64.95,2020-07-01T08:23:00.000Z
Nike Terminator High,White/University Red,124.95,124.95,2023-04-11T11:36:00.000Z
Nike Pegasus 39 By You,Multi-Colour/Multi-Colour/Multi-Colour/Multi-Colour,134.95,134.95,2022-04-21T16:00:00.000Z
Nike Victori One,Black/Black/White,24.95,24.95,2020-07-20T22:00:00.000Z
Nike SB Zoom Blazer Low Pro GT,Black/Black/Gum Light Brown/White,74.95,56.47,2021-02-01T08:00:00.000Z
Nike Zoom Mercurial Vapor 15 Elite FG,Yellow Strike/Doll/Coconut Milk/Sunset Glow,234.95,234.95,2022-09-01T07:00:00.000Z
Nike Air Zoom Victory Tour 3,Black/Iron Grey/Light Smoke Grey/White,204.95,204.95,2023-03-31T07:00:00.000Z
Nike Streetgato,Game Royal/Yellow Strike/Stadium Green,72.95,72.95,2022-10-01T07:00:00.000Z
Nike Romaleos 4,White/White/Black,179.95,179.95,2022-08-01T07:00:00.000Z
Nike Air Max 97 OG,Metallic Silver/Black/White/University Red,164.95,164.95,2022-11-08T18:18:00.000Z
Nike Tiempo Legend 9 Elite MI SG-Pro Anti-Clog Traction,White/Metallic Silver/Game Royal,224.95,224.95,2022-11-02T08:00:00.000Z
Kyrie Flytrap 6,Black/Iron Grey/White,84.95,50.97,2022-09-01T07:00:00.000Z
Jordan Series ES,Light Iron Ore/Sail,79.95,79.95,2023-03-22T08:00:00.000Z
Nike BRSB,Navy/Navy/University Red/White,74.95,74.95,2022-11-04T08:00:00.000Z
Nike Air Penny 2 x Stüssy,Rattan/Limestone/Black,179.95,179.95,2023-02-09T10:44:00.000Z
Nike ACG Mountain Fly 2 Low,Neutral Olive/Action Grape/Light Orewood Brown/Gridiron,134.95,134.95,2023-04-05T09:13:00.000Z
Nike Zoom Mercurial Superfly 9 Elite AG-Pro,White/Pink Blast/Indigo Haze/Baltic Blue,249.95,249.95,2023-01-16T08:00:00.000Z
Nike Blazer Mid '77 Vintage,White/Wolf Grey/Black/Safety Orange,99.95,89.97,2023-03-01T08:00:00.000Z
Nike Air Zoom SuperRep 3,Black/Volt/Anthracite,114.95,68.97,2022-12-19T08:00:00.000Z
Nike Spike-Flat,White/Black/Black,89.95,53.97,2023-02-01T08:17:00.000Z
Nike Zoom Mercurial Vapor 15 Academy AG,White/Pink Blast/Baltic Blue,74.95,74.95,2023-01-19T08:00:00.000Z
Nike Renew Elevate 3,Team Red/University Red/Wolf Grey,74.95,74.95,2023-03-22T08:00:00.000Z
Nike Air Force 1 Low By You,Multi-Colour/Multi-Colour/Multi-Colour/Multi-Colour,134.95,134.95,2022-10-03T16:00:00.000Z
Nike Renew Ride 3,White/Bright Crimson/Sail/Obsidian,72.95,65.97,2023-03-01T08:00:00.000Z
Nike Vomero 16,White/Photo Blue/Deep Royal Blue/University Red,144.95,144.95,2023-03-27T07:00:00.000Z
NikeCourt Air Zoom Vapor 11,Photon Dust/Baltic Blue/Ashen Slate/Game Royal,169.95,169.95,2023-01-16T08:00:00.000Z
Nike SB Dunk High Pro,Gorge Green/Black/Gum Light Brown/Gorge Green,99.95,99.95,2022-10-20T14:13:00.000Z
Air Jordan 1 Zoom Comfort 2,Ivory/Coconut Milk/Faded Green/Palomino,152.95,152.95,2023-01-19T10:10:00.000Z
Nike Air Huarache,White/Pure Platinum,114.95,114.95,2021-07-19T07:00:00.000Z
Nike Zoom Mercurial Vapor 15 Academy FG/MG By You,Multi-Colour/Multi-Colour,109.95,109.95,2022-09-20T16:00:00.000Z
Kyrie Flytrap 5,Black/Anthracite/Cool Grey/White,79.95,63.97,2023-03-01T13:27:00.000Z
Nike Dunk High By You,Multi-Colour/Multi-Colour/Multi-Colour,134.95,134.95,2022-11-01T16:00:00.000Z
Nike Tiempo Legend 9 Elite SG-Pro AC,Black/Summit White/Light Photo Blue/Dark Smoke Grey,224.95,224.95,2022-07-11T07:00:00.000Z
Nike Phantom GX Academy TF,Black/Dark Smoke Grey/Total Orange/Summit White,74.95,74.95,2023-01-19T08:00:00.000Z
Nike Run Swift 2,Black/Dark Smoke Grey/White,69.95,55.97,2020-12-31T23:00:00.000Z
Nike SuperRep Go 3 Next Nature Flyknit,Cool Grey/Flat Pewter/Light Bone/Photon Dust,99.95,59.97,2023-02-01T08:17:00.000Z
Nike Cortez,White/Light Photo Blue/Sail/Black,89.95,89.95,2023-01-30T17:28:00.000Z
Nike Blazer Mid '77 By You,Multi-Colour/Multi-Colour/Multi-Colour,114.95,114.95,2022-04-04T16:00:00.000Z
Nike Downshifter 12,Bright Crimson/Light Orewood Brown/University Gold/Obsidian,64.95,64.95,2023-04-04T07:00:00.000Z
Nike Legend Essential 3 Next Nature,Smoke Grey/Dark Smoke Grey/White,59.95,47.97,2022-12-16T08:00:00.000Z
Nike Air Max Terrascape 90,Phantom/Light Bone/Citron Pulse/Action Grape,144.95,144.95,2023-04-13T07:00:00.000Z
Nike Zoom Rival,Hyper Pink/Laser Orange/Black,64.95,58.47,2023-02-01T08:17:00.000Z
Nike Gripknit Phantom GX Elite FG,Barely Volt/Barely Grape/Gridiron,234.95,234.95,2023-03-31T07:00:00.000Z
NikeCourt Zoom Pro,White/Black/Fuchsia Dream/Picante Red,99.95,59.97,2023-01-06T08:00:00.000Z
Nike Blazer Mid '77 Jumbo,White/Rattan/White/Habanero Red,99.95,59.97,2022-10-19T12:52:00.000Z
Nike Air Max AP,Black/Anthracite/Team Red/Summit White,109.95,65.97,2022-11-04T08:00:00.000Z
NikeCourt Air Zoom Vapor Pro 2,Photon Dust/Game Royal/White,114.95,114.95,2023-01-16T08:00:00.000Z
Nike Air Pegasus '89,Wolf Grey/Team Red/White/Wolf Grey,109.95,65.97,2023-02-01T08:00:00.000Z
Nike SB Dunk Low x Run The Jewels,Deep Royal Blue/Blue Chill/Active Pink,114.95,114.95,2023-04-11T11:36:00.000Z
Nike Savaleos,Grey Fog/Dark Smoke Grey/Total Orange/Clear Emerald,114.95,103.47,2022-08-01T07:00:00.000Z
Nike Zoom Mercurial Superfly 9 Elite FG,Black/Summit White/Volt/Dark Smoke Grey,249.95,249.95,2022-07-11T07:00:00.000Z
Nike Zegama,Black/White,144.95,144.95,2022-07-28T07:00:00.000Z
Nike Benassi JDI,Midnight Navy/Windchill,29.95,21.47,2017-10-01T10:00:00.000Z
Nike Air Flight 89,Black/White,114.95,114.95,2023-03-21T08:00:00.000Z
Air Jordan 1 Hi FlyEase,Black/White/Fire Red,164.95,164.95,2023-01-02T08:30:00.000Z
Nike Air Max Plus,Black/Iron Grey/Cool Grey/Hyper Blue,179.95,179.95,2023-02-27T15:00:00.000Z
Nike Air Max SC,Black/Black/Black,79.95,79.95,2021-11-29T09:21:00.000Z
Nike Air Max Plus 3 Premium,Black/Fuchsia Dream/Racer Blue,179.95,179.95,2023-02-27T08:00:00.000Z
Nike Waffle Debut,Black/Orange/Clear/White,69.95,38.97,2022-05-16T10:00:00.000Z
Nike Air Max TW,Black/Anthracite/Black/Black,144.95,144.95,2022-12-19T08:00:00.000Z
Nike Dunk Low Retro,Black/White/University Red,99.95,99.95,2022-12-06T01:00:00.000Z
Nike Air Monarch IV,Black/Black,54.95,43.97,2021-01-01T15:14:00.000Z
Nike Air Max 95,Black/Medium Ash/White,164.95,164.95,2022-11-15T08:00:00.000Z
Nike Air Max 270,Black/White/Solar Red/Anthracite,144.95,144.95,2018-03-02T08:00:00.000Z
Air Jordan I High G,White/Black,144.95,144.95,2023-01-01T08:00:00.000Z
Nike Air Max Plus,Black/Black/Black,169.95,169.95,2022-09-23T07:00:00.000Z
Air Jordan 1 Mid,Cement Grey/True Blue/White,114.95,114.95,2023-01-17T08:00:00.000Z
Nike Air Max 90,Black/Chlorophyll/Black,134.95,134.95,2022-12-26T08:00:00.000Z
Air Jordan 6 Retro,White/Midnight Navy,169.95,169.95,2023-03-01T08:00:00.000Z
Nike Air Max 97,Black/Smoke Grey/Dark Marina Blue,164.95,131.97,2023-03-01T08:00:00.000Z
Air Jordan 1 Low G,White/Noble Green/Pollen/Black,114.95,114.95,2023-02-03T08:00:00.000Z
Nike Court Vision Low Next Nature,Black/Black/White,69.95,45.47,2022-11-01T08:00:00.000Z
Nike Air VaporMax Plus,White/Pure Platinum/White,202.95,202.95,2022-08-01T10:30:00.000Z
Nike Air Force 1 '07,White/Cool Grey/Black,114.95,114.95,2022-12-30T08:00:00.000Z
Nike Air Force 1 '07,White/Light Iron Ore/Sand Drift/Pure Platinum,114.95,114.95,2023-03-01T08:00:00.000Z
Nike Waffle Trainer 2,White/Sail/Summit White/Black,84.95,46.97,2022-08-01T07:00:00.000Z
Nike Air Max 90,White/White/Wolf Grey/White,134.95,134.95,2021-01-01T07:06:00.000Z
Nike Air Max SYSTM,Black/Anthracite/Summit White/Team Red,89.95,49.47,2022-10-17T07:00:00.000Z
Nike Air Max Excee,Black/Dark Grey/White,109.95,65.97,2022-08-01T07:00:00.000Z
NikeCourt Air Zoom Pro,Black/White,99.95,74.97,2023-01-16T08:00:00.000Z
Nike Phantom GT2 Academy FlyEase MG,Baltic Blue/White/Laser Blue/Hot Punch,72.95,72.95,2023-01-19T08:00:00.000Z
NikeCourt Vapor Lite,Black/White,64.95,64.95,2021-06-24T10:12:00.000Z
Nike Mercurial Superfly 8 Club IC,Black/Iron Grey/Black,64.95,42.47,2022-08-01T10:27:00.000Z
Nike Air Force 1 '07 LV8,White/White/Black,114.95,114.95,2022-10-05T07:00:00.000Z
Nike Air Max 95 By You,Multi-Colour/Multi-Colour/Multi-Colour/Multi-Colour,179.95,179.95,2022-06-07T16:00:00.000Z
Nike Victori One Next Nature,Black/Anthracite/Safety Orange,37.95,37.95,2023-01-17T08:00:00.000Z
Nike Air Max 90,Rattan/Cacao Wow/Cargo Khaki/Copa,144.95,144.95,2022-11-28T08:00:00.000Z
Nike Dunk Low,White/Cool Grey/Light Iron Ore/Black,109.95,109.95,2022-12-20T14:26:00.000Z
Nike Zoom Rival,Black/Dark Smoke Grey/Light Smoke Grey/Metallic Silver,69.95,69.95,2023-03-21T08:36:00.000Z
Nike Air Zoom G.T. Cut 2,Leche Blue/Ashen Slate/Green Glow/Green Shock,164.95,164.95,2022-12-25T08:00:00.000Z
Jordan Delta 3 Low,Pure Platinum/Black/Infrared 23,124.95,124.95,2023-02-01T08:00:00.000Z
Jordan ADG 4 NRG,Grey Fog/Cement Grey/Burnt Sunrise/White,199.95,199.95,2022-11-11T08:00:00.000Z
Nike Tempo,Hyper Pink/Laser Orange/White/Black,189.95,189.95,2023-02-16T08:00:00.000Z
Nike Air Trainer 1,Hay/Taupe/Varsity Red/Baroque Brown,114.95,114.95,2022-10-27T10:08:00.000Z
Giannis Immortality,Arctic Orange/Light Marine/Light Madder Root/Medium Blue,74.95,54.97,2023-02-01T08:17:00.000Z
Nike SuperRep Go,Black/Dark Smoke Grey/White,89.95,49.47,2022-08-01T07:00:00.000Z
Roshe G Next Nature,Light Smoke Grey/Hot Punch/Black,89.95,89.95,2023-04-06T07:00:00.000Z
Nike Air Max Plus 3,Black/Dark Smoke Grey,169.95,169.95,2022-09-01T07:00:00.000Z
Nike Pegasus 40,White/Light Orewood Brown/Phantom/Obsidian,114.95,114.95,2023-03-31T07:00:00.000Z
NikeCourt Air Zoom NXT,White/Picante Red/Fuchsia Dream/Black,144.95,101.47,2023-01-06T08:00:00.000Z
Nike Air Max Plus,Black/University Red/White,169.95,169.95,2023-01-16T08:00:00.000Z
Nike Air Force 1 High Unlocked By You,Multi-Colour/Multi-Colour/Multi-Colour,164.95,164.95,2022-08-30T16:00:00.000Z
Air Jordan 12 Retro x Eastside Golf,Muslin/Burnt Sunrise/Black,202.95,202.95,2022-11-12T09:06:00.000Z
Nike Air Pegasus '89,Swan/Rose Coral/Black/Medium Grey,109.95,76.97,2023-01-26T08:00:00.000Z
Nike Zoom Mercurial Vapor 15 Pro FG,Metallic Copper/Metallic Copper,134.95,134.95,2022-11-17T08:00:00.000Z
Nike Victori One,Black/Black/White,29.95,27.47,2022-05-20T07:00:00.000Z
Nike Streakfly,White/Metallic Silver/Black,144.95,144.95,2022-12-16T08:00:00.000Z
Nike Cosmic Unity 2,Wolf Grey/Pure Platinum/Cone/Black,144.95,144.95,2023-03-01T08:00:00.000Z
Nike Quest 5,Black/Smoke Grey/Dark Smoke Grey/White,72.95,72.95,2022-06-30T07:00:00.000Z
Nike Victori One,White/White/Black,24.95,20.97,2020-07-20T22:00:00.000Z
Nike Air Zoom Flight 95,White/Black/Football Grey/Multi-Colour,164.95,164.95,2023-02-09T10:44:00.000Z
Nike Air Force 1 High By You,Multi-Colour/Multi-Colour/Multi-Colour,144.95,144.95,2022-10-03T16:00:00.000Z
Nike Air Penny 2,White/Black/Sail/Photon Dust,169.95,169.95,2023-04-14T07:00:00.000Z
Nike Air Max Plus III,Black/Black/Wolf Grey,169.95,169.95,2022-12-16T08:00:00.000Z
Nike Air Force 1 Low SP x UNDERCOVER,Black/White/Black/Black,144.95,144.95,2022-10-06T09:53:00.000Z
Air Max 2013 x Stüssy,Black/Black/White,189.95,189.95,2022-09-01T05:00:00.000Z
Nike Air Zoom LJ Elite,White/Laser Orange/Hyper Pink/Black,114.95,114.95,2023-01-20T08:00:00.000Z
Nike Pegasus Trail 4 GORE-TEX,Khaki/Light Bone/Ironstone/Citron Tint,144.95,144.95,2022-12-20T08:00:00.000Z
Nike Tiempo Legend 9 Elite AG-Pro,Black/Summit White/Light Photo Blue/Dark Smoke Grey,214.95,214.95,2023-03-24T08:00:00.000Z
Nike Air Max Pulse,Phantom/High Voltage/White,144.95,144.95,2023-03-11T08:00:00.000Z
Nike Victori One,Black/White/Black,29.95,25.47,2020-07-20T22:00:00.000Z
Jordan Stay Loyal 2,Black/White/Black/Hyper Royal,109.95,109.95,2023-02-15T08:00:00.000Z
Nike Metcon 8 FlyEase,Phantom/Light Orewood Brown/Green Strike,124.95,124.95,2023-03-24T08:00:00.000Z
Nike Phantom GX Academy AG,Baltic Blue/White/Laser Blue/Pink Blast,74.95,74.95,2023-01-19T08:00:00.000Z
Nike Renew Retaliation 4,Black/Dark Smoke Grey/Smoke Grey/White,69.95,48.97,2022-05-01T10:00:00.000Z
Jordan Point Lane,White/Pollen/Armoury Navy/Rift Blue,124.95,124.95,2023-04-13T07:00:00.000Z
Nike Winflo 9 Premium,Coconut Milk/Sand Drift/Racer Blue/Stadium Green,94.95,94.95,2023-02-02T08:00:00.000Z
Nike Zoom Mercurial Superfly 9 Elite FG By You,Multi-Colour/Multi-Colour,279.95,279.95,2022-09-20T16:00:00.000Z
Nike Air Monarch IV (Extra Wide),White/Midnight Navy/White/Metallic Silver,69.95,69.95,2022-09-16T07:00:00.000Z
Nike Blazer Mid '77 Unlocked By You,Multi-Colour/Multi-Colour,134.95,134.95,2023-03-15T16:00:00.000Z
Nike Gripknit Phantom GX Elite Fusion AG-Pro,Black/White/Blue Glow/Volt,234.95,234.95,2023-03-06T08:00:00.000Z
Nike Air Force 1 '07,White/Bright Mandarin/Racer Blue,114.95,114.95,2023-03-09T08:00:00.000Z
Nike Air Max Flyknit Racer Next Nature,University Red/Wolf Grey/Black/Black,144.95,86.97,2022-11-02T08:00:00.000Z
Nike Pegasus Trail 4 By You,Multi-Colour/Multi-Colour,152.95,152.95,2023-04-03T16:00:00.000Z
Nike Blazer Low '77 By You,Multi-Colour/Multi-Colour,114.95,114.95,2022-06-29T16:00:00.000Z
Nike Air Huarache Crater Premium,Light Bone/Black/Volt/White,124.95,87.47,2023-03-01T08:00:00.000Z
Nike Air Max 1 Premium,Summit White/Wolf Grey/White/Plum Eclipse,152.95,152.95,2023-03-06T09:36:00.000Z
Nike Dunk Low,Photon Dust/Racer Blue/White,99.95,99.95,2023-04-03T14:00:00.000Z
Nike Zoom Mercurial Vapor 15 Elite AG-Pro,White/Pink Blast/Indigo Haze/Baltic Blue,234.95,234.95,2023-01-16T08:00:00.000Z
Nike Air Max Terrascape 97,Black/Wheat Gold/Rosewood/Saturn Gold,179.95,125.97,2023-01-30T08:00:00.000Z
Nike ISPA Sense Flyknit,Adobe/Guava Ice/Bright Crimson,179.95,179.95,2023-02-16T08:00:00.000Z
Nike Invincible 3,White/University Red/Photo Blue/Black,169.95,169.95,2023-03-27T07:00:00.000Z
Nike Phantom GX Academy Dynamic Fit TF,Black/Dark Smoke Grey/Total Orange/Summit White,84.95,84.95,2023-01-19T08:00:00.000Z
Nike Zoom Mercurial Vapor 15 Elite SE FG,Black/Black,249.95,174.97,2022-11-25T08:00:00.000Z
Nike Pegasus Turbo Next Nature,Pure Platinum/White/Valerian Blue/Bright Spruce,144.95,144.95,2022-09-19T07:00:00.000Z
Nike Air Max 97,Cool Grey/Light Smoke Grey/Sail/Photon Dust,179.95,125.97,2023-02-01T08:00:00.000Z
Nike Zoom Mercurial Superfly 9 Academy MG,White/Pink Blast/Baltic Blue,84.95,84.95,2023-01-19T08:00:00.000Z
Nike Air Zoom Rival Fly 3,Scream Green/Black/Coconut Milk/Bright Crimson,99.95,99.95,2022-12-15T08:00:00.000Z
Nike Gripknit Phantom GX Elite Dynamic Fit SG-Pro Anti-Clog Traction,Baltic Blue/White/Laser Blue/Pink Blast,259.95,259.95,2023-01-16T08:00:00.000Z
Nike Air Force 1 Low Retro,White/Gum Yellow/Metallic Gold/Royal Blue,134.95,80.97,2022-08-01T09:06:00.000Z
Nike Air Force 1 '07,Black/White/Photon Dust,114.95,114.95,2023-03-21T08:00:00.000Z
Nike Precision 6,Black/Gym Red/University Red,69.95,69.95,2022-12-16T08:00:00.000Z
Nike Air Max 90 G NRG,White/Phantom/Iron Grey/Citron Tint,152.95,152.95,2023-01-27T00:00:00.000Z
Nike Invincible 3 By You,Light Cream/Plum Eclipse,199.95,199.95,2023-03-21T16:00:00.000Z
Jordan Zoom Separate,Laser Blue/Marina/Kumquat/Citron Tint,99.95,99.95,2022-10-19T12:52:00.000Z
Nike BRSB,White/White/Black/Black,74.95,44.97,2022-11-04T08:00:00.000Z
Nike Air Huarache,Black/Anthracite/Iron Grey/Picante Red,114.95,80.47,2023-01-05T08:00:00.000Z
Jumpman Two Trey,White/University Red/Navy,134.95,80.97,2022-09-19T07:00:00.000Z
Nike Pegasus FlyEase,Platinum Tint/White/Adobe/Light Crimson,109.95,76.97,2022-12-16T08:00:00.000Z
The Nike Premier 3 FG,Black/White,99.95,99.95,2022-08-01T12:03:00.000Z
Air Jordan XXXVII Low,Military Blue/Midnight Navy/True Red/White,164.95,164.95,2023-03-02T08:00:00.000Z
Nike Quest 5,Black/Smoke Grey/University Red,72.95,72.95,2023-03-21T08:00:00.000Z
Air Jordan XXXVI,Black/Rosa mortal/Court Purple/Laser Orange,167.95,100.97,2023-03-01T08:00:00.000Z
Nike Legend Essential 2,Black/Metallic Silver/White,59.95,59.95,2023-02-01T08:17:00.000Z
Nike Zoom Mercurial Superfly 9 Academy TF By You,Multi-Colour/Multi-Colour,114.95,114.95,2022-09-20T16:00:00.000Z
Nike Air Presto By You,Multi-Colour/Multi-Colour,144.95,144.95,2021-10-26T16:00:00.000Z
Nike Quest 5,Cargo Khaki/Sequoia/White/Glacier Blue,72.95,62.47,2022-12-19T08:00:00.000Z
Nike Pegasus FlyEase By You,Multi-Colour/Multi-Colour/Multi-Colour/Multi-Colour,134.95,134.95,2022-04-21T16:00:00.000Z
Nike Dunk Low,Kumquat/Dark Driftwood/Light Bone,109.95,65.97,2022-11-25T09:33:00.000Z
Nike Tiempo Legend 9 Pro FG,Black/Summit White/Light Photo Blue/Dark Smoke Grey,124.95,124.95,2022-09-01T07:00:00.000Z
Luka 1,Mint Foam/Court Purple/Dark Concord/Racer Pink,99.95,99.95,2023-04-13T07:00:00.000Z
Nike Zoom Mercurial Vapor 15 Elite SG-Pro Anti-Clog Traction,White/Pink Blast/Indigo Haze/Baltic Blue,244.95,244.95,2023-01-16T08:00:00.000Z
Nike Gripknit Phantom GX Elite Dynamic Fit Fusion SG Anti-clog Traction,Black/White/Blue Glow/Volt,259.95,259.95,2023-03-06T08:00:00.000Z
Nike Cortez,Sail/Black/Pale Vanilla/Aloe Verde,99.95,99.95,2023-02-27T13:37:00.000Z
Nike Air Zoom Infinity Tour NEXT% NRG,Topaz Gold/Phantom/Sea Coral/Gridiron,179.95,179.95,2023-03-29T07:00:00.000Z
Nike Zoom SD 4,White/Hyper Pink/Laser Orange/Black,89.95,89.95,2023-04-12T07:00:00.000Z
Nike Air Max Penny,White/Summit White/Pure Platinum,169.95,169.95,2023-04-05T07:00:00.000Z
Luka 1 'Next Nature',Wolf Grey/Black/Kumquat/Lapis,109.95,109.95,2023-03-14T08:00:00.000Z
Nike Air More Uptempo '96,Limestone/Limestone/Valerian Blue,164.95,164.95,2022-10-20T07:00:00.000Z
Nike Blazer Mid Pro Club,Light Bone/Sesame/Pecan/Sail,99.95,59.97,2023-01-16T08:00:00.000Z
NikeCourt Vapor Lite 2,Black/White,74.95,74.95,2023-03-27T07:00:00.000Z
Nike Phantom GX Pro FG,Baltic Blue/White/Laser Blue/Pink Blast,134.95,134.95,2023-01-19T08:00:00.000Z
Nike Legend Essential 3 Next Nature,Adobe/Phantom/Flat Pewter/Light Crimson,59.95,41.97,2022-12-16T08:00:00.000Z
Nike Air Max 90 By You,Multi-Colour/Multi-Colour/Multi-Colour/Multi-Colour,152.95,152.95,2022-05-16T16:00:00.000Z
NikeCourt Air Zoom Vapor Pro 2,Phantom/Gridiron/Bright Cactus/Mineral Teal,114.95,114.95,2023-04-06T07:00:00.000Z
Nike SB Ishod Premium,Summit White/Summit White/White/Summit White,99.95,69.97,2022-11-20T08:00:00.000Z
Air Jordan 1 Low OG,Black/White/Mystic Navy,134.95,134.95,2023-02-01T08:00:00.000Z
Nike Air Max 97 OG,Metallic Gold/Black/White/Varsity Red,169.95,169.95,2023-01-10T15:47:00.000Z
Nike Air Max 90 G,Iron Grey/Black/Infrared 23/White,124.95,124.95,2022-11-23T08:00:00.000Z
Nike Air Max Penny,Black/Anthracite/Dark Pony/Faded Spruce,169.95,169.95,2023-01-02T09:27:00.000Z
Nike Zoom Fly 5,Scream Green/Honeydew/Coconut Milk/Black,164.95,115.47,2022-12-15T08:00:00.000Z
Nike Air Max 90,Black/Picante Red/White/Flat Pewter,134.95,94.47,2023-01-05T08:00:00.000Z
Luka 1,University Red/Bright Crimson/Metallic Gold,99.95,99.95,2022-12-04T08:00:00.000Z
Nike SB Zoom Blazer Mid Premium,Summit White/Summit White,99.95,59.97,2022-08-01T10:18:00.000Z
Nike Air Max 95,Black/Anthracite/Iron Grey/Picante Red,169.95,118.97,2023-01-05T08:00:00.000Z
Air Jordan 1 Mid SE,Black/Sesame/Fire Red/Multi-Colour,124.95,124.95,2022-12-01T14:00:00.000Z
Nike Dunk Low,White/Opti Yellow/Sail,109.95,109.95,2023-01-18T00:00:00.000Z
NikeCourt Air Zoom Vapor 11,Photon Dust/Baltic Blue/Ashen Slate/Game Royal,169.95,169.95,2023-01-16T08:00:00.000Z
"Nike SFB 6"" (15cm approx.) Leather",Black/Light Taupe/Black,134.95,134.95,2022-10-26T13:21:00.000Z
Nike Renew Ride 3,Black/Dark Smoke Grey/Smoke Grey/White,72.95,72.95,2022-09-01T07:00:00.000Z
Nike Gripknit Phantom GX Elite Fusion FG,Black/White/Blue Glow/Volt,234.95,234.95,2023-03-06T08:00:00.000Z
Nike Air Max 90,Wolf Grey/Cool Grey/White,134.95,134.95,2023-03-23T08:00:00.000Z
Nike Air Huarache By You,Multi-Colour/Multi-Colour/Multi-Colour,144.95,144.95,2022-10-19T16:00:00.000Z
Nike Dunk Low Unlocked By You,Multi-Colour/Multi-Colour/Multi-Colour/Multi-Colour,134.95,134.95,2022-07-11T16:00:00.000Z
Nike Kiger 9,Obsidian/Citron Pulse/Baltic Blue/Volt,134.95,134.95,2023-03-23T08:00:00.000Z
Nike Legend Essential 3 Next Nature,Black/Black/Anthracite,59.95,59.95,2023-03-23T08:00:00.000Z
Nike React Tiempo Legend 9 Pro IC,Rosewood/Glacier Blue/Pink Foam/White,109.95,109.95,2023-02-10T08:00:00.000Z
Nike Internationalist By You,Multi-Colour/Multi-Colour/Multi-Colour,109.95,109.95,2021-10-13T16:00:00.000Z
Air Jordan 13 Retro,Black/White/True Red,189.95,189.95,2023-02-17T12:18:00.000Z
Nike Tiempo Legend 9 Elite SG-Pro Anti-Clog Traction,Space Purple/White,214.95,214.95,2022-11-13T23:00:00.000Z
Nike React Vision,Light Smoke Grey/Particle Grey/Smoke Grey/University Red,124.95,74.97,2022-12-16T08:00:00.000Z
Nike Tiempo Legend 9 Academy TF,White/Baltic Blue/Pink Blast/Black,72.95,72.95,2023-01-19T08:00:00.000Z
Nike Zoom Mercurial Vapor 15 Elite FG,Metallic Copper/Metallic Copper,234.95,234.95,2022-11-07T08:00:00.000Z
Air Jordan 1 Zoom CMFT 2,Palomino/Wild Berry/Desert/Melon Tint,144.95,144.95,2023-01-23T00:00:00.000Z
Paris Saint-Germain,Black/Taxi,44.95,44.95,2023-02-01T08:00:00.000Z
Jordan System.23,Black/Cement Grey/Black,99.95,59.97,2022-11-11T08:00:00.000Z
Jordan Delta 3 Nitro Low,White/Black/Dynamic Turquoise/Siren Red,134.95,80.97,2023-01-17T08:00:00.000Z
Nike Air Force 1 Low x Ambush,Pine Green/Pine Green/Citron Tint,169.95,169.95,2022-12-01T15:46:00.000Z
Nike Victori One Next Nature,Black/Black/Phantom,37.95,32.47,2022-08-01T07:00:00.000Z
Nike Zoom Rival,Black/Dark Smoke Grey/Light Smoke Grey/Metallic Silver,69.95,69.95,2023-03-21T08:00:00.000Z
Nike Air Max 90,White/Cool Grey/Light Smoke Grey/Black,144.95,115.97,2023-02-27T15:00:00.000Z
Nike Tiempo Legend 9 Academy SG-Pro AC,White/Baltic Blue/Pink Blast/Black,74.95,74.95,2023-01-19T08:00:00.000Z
Nike Air Max 97,Black/Dark Obsidian/Pure Platinum/University Blue,169.95,118.97,2022-12-16T08:00:00.000Z
Nike Air Max 90 GTX,Black/Safety Orange/Anthracite,152.95,107.47,2022-12-01T08:00:00.000Z
Jordan Retro 6 G NRG,White/Bordeaux/White,214.95,214.95,2023-04-04T07:00:00.000Z
Jordan 6 Rings,White/University Red/Light Steel Grey/True Blue,164.95,115.47,2022-12-16T08:00:00.000Z
Nike Air VaporMax 2021 FK,White/Black/Metallic Silver/White,199.95,139.97,2022-08-01T10:18:00.000Z
The Nike Premier 3 TF,Black/White,84.95,84.95,2022-11-02T08:00:00.000Z
Jordan One Take 4,Black/White/Copa/Light Liquid Lime,89.95,89.95,2023-01-16T08:00:00.000Z
Nike Zoom Javelin Elite 3,White/Laser Orange/Hyper Pink/Black,144.95,144.95,2023-03-21T08:00:00.000Z
Nike Air Max AP,Black/Black/Volt/Black,114.95,114.95,2021-06-30T22:00:00.000Z
Jordan Retro 6 G,White/Infrared 23/Black,214.95,214.95,2023-02-21T08:00:00.000Z
Nike Air Force 1 '07,Summit White/Black/Citron Tint/Malachite,114.95,114.95,2023-01-16T08:00:00.000Z
Nike Air Max 97 SE,Flat Pewter/Light Bone/Black/White,169.95,169.95,2023-04-03T07:00:00.000Z
Nike LeBron IX,Regal Pink/Velvet Brown/White/Multi-Colour,204.95,204.95,2022-05-19T12:45:00.000Z
Nike Gripknit Phantom GX Elite AG-Pro,Black/Dark Smoke Grey/Total Orange/Summit White,234.95,234.95,2023-01-16T08:00:00.000Z
Nike Air Force 1 Mid '07,Black/Black,114.95,114.95,2022-10-24T07:00:00.000Z
Nike Zoom Mercurial Vapor 15 Academy MG,Pink Blast/Gridiron/Volt,74.95,74.95,2023-04-06T07:00:00.000Z
Nike Zoom Mercurial Dream Speed Vapor 15 Elite AG-Pro,Cobalt Bliss/Fuchsia Dream/Hot Punch/Black,244.95,244.95,2023-02-13T08:00:00.000Z
Nike Mercurial Vapor 15 Club MG,White/Pink Blast/Baltic Blue,54.95,54.95,2023-01-19T08:00:00.000Z
Nike MC Trainer 2,Black/Anthracite/White,69.95,48.97,2023-01-16T08:00:00.000Z
Nike SB Force 58 Premium,White/White/White/Black,72.95,72.95,2022-12-16T08:00:00.000Z
Nike Zoom Mercurial Vapor 15 Elite FG By You,Multi-Colour/Multi-Colour,259.95,259.95,2022-09-20T16:00:00.000Z
Nike Court Vision Low Next Nature,Black/Black/Black,69.95,69.95,2022-10-01T07:00:00.000Z
Nike Zoom Mercurial Dream Speed Superfly 9 Elite AG-Pro,Cobalt Bliss/Fuchsia Dream/Hot Punch/Black,259.95,259.95,2023-02-13T08:00:00.000Z
Nike Phantom GX Academy IC,Black/Dark Smoke Grey/Total Orange/Summit White,74.95,74.95,2023-01-19T08:00:00.000Z
Air Jordan 12 Low,White/Metallic Silver/Varsity Red/French Blue,199.95,139.97,2022-08-09T07:00:00.000Z
Zion 1 'ZNA',Blue Void/Fierce Purple/Indigo Haze/Bright Crimson,104.95,83.97,2021-04-20T09:07:00.000Z
Nike Venture Runner,Summit White/Black/White/Medium Olive,59.95,44.97,2023-02-01T08:17:00.000Z
Nike SB Blazer Low x Doyenne,Coconut Milk/Limestone/Rattan/Rattan,74.95,74.95,2023-02-23T14:00:00.000Z
Nike Air Max Plus SE,Flat Pewter/Photon Dust/Black/White,169.95,169.95,2023-04-03T07:00:00.000Z
Nike Air Force 1 Mid QS,White/Ale Brown/Beach/Total Orange,124.95,124.95,2022-06-13T10:57:00.000Z
Nike Tiempo Legend 9 Pro AG-Pro,White/Baltic Blue/Pink Blast/Black,124.95,124.95,2023-01-19T08:00:00.000Z
Nike React HyperSet,Black/Gum Light Brown/White,118.95,118.95,2022-08-01T16:01:00.000Z
Nike Zoom LeBron 2,White/Varsity Crimson/Midnight Navy,189.95,189.95,2022-10-21T07:52:00.000Z
Jordan Pro Strong,White/Blue Tint/Off-Noir,134.95,134.95,2023-04-13T07:00:00.000Z
Nike Renew Retaliation 4,Black/Pure Platinum/Fuchsia Dream/Volt,69.95,45.47,2023-02-01T08:17:00.000Z
Nike Victori One,Sail/Light Orewood Brown/Safety Orange,29.95,29.95,2023-03-21T08:00:00.000Z
Nike Air Max 90 By You,Multi-Colour/Multi-Colour/Multi-Colour/Multi-Colour,152.95,152.95,2022-05-16T16:00:00.000Z
Nike Mercurial Superfly 9 Club TF,White/Pink Blast/Baltic Blue,64.95,64.95,2023-01-19T08:00:00.000Z
Nike Air Force 1 Low x Slam Jam,Black/Off-Noir,152.95,152.95,2023-01-11T09:23:00.000Z
Air Jordan 2 Retro Low,Sail/Light Curry/Cobblestone/Melon Tint,144.95,144.95,2023-03-20T14:13:00.000Z
KD Trey 5 X,White/Black/Wolf Grey/Volt,89.95,89.95,2023-03-22T08:00:00.000Z
Nike Air Zoom Maxfly More Uptempo,Black/Black/White,224.95,224.95,2023-03-27T07:00:00.000Z
Nike Court Vision Low,Flax/Wheat/Twine/Flax,69.95,69.95,2021-10-08T10:10:00.000Z
Nike SB Zoom Blazer Mid,Black/White/White/White,79.95,79.95,2020-02-23T08:00:00.000Z
Nike SB Zoom Blazer Mid,Midnight Navy/Midnight Navy/Black/Noise Aqua,79.95,79.95,2022-12-16T08:00:00.000Z
Nike Terminator High Premium,Phantom/Pale Vanilla/Sail/Black,124.95,124.95,2023-02-15T17:34:00.000Z
Nike Waffle One Leather,Light Bone/Phantom/White/Oil Green,109.95,98.97,2023-03-01T08:00:00.000Z
Zoom Freak 4,White/Black/Stadium Green/Oxygen Purple,114.95,114.95,2023-02-01T08:00:00.000Z
Nike Air Max 97,White/Black/Wolf Grey,169.95,169.95,2019-11-23T21:00:00.000Z
Air Jordan Legacy 312 Low,White/Wolf Grey/University Red/French Blue,124.95,124.95,2023-03-08T08:00:00.000Z
Nike Phantom GX Club TF,Baltic Blue/White/Laser Blue/Pink Blast,54.95,54.95,2023-01-19T08:00:00.000Z
Nike Terminator High,Swan/Sail/Washed Green/Noble Green,124.95,124.95,2023-01-09T15:58:00.000Z
Nike Renew Run 4,Black/Black/Off-Noir,84.95,55.47,2023-02-01T08:17:00.000Z
Nike SB Chron 2,Summit White/Phantom/White/University Red,64.95,38.97,2022-12-16T08:00:00.000Z
Nike ISPA Link,Light Iron Ore/Smoke Grey/Black,202.95,202.95,2022-08-01T07:00:00.000Z
Nike Air Huarache Premium,Summit White/Light Smoke Grey/Comet Blue/Anthracite,124.95,74.97,2022-11-09T08:00:00.000Z
Nike React Phantom GX Pro TF,Black/Dark Smoke Grey/Total Orange/Summit White,114.95,114.95,2023-01-19T08:00:00.000Z
Jordan Post,Black/Black,27.95,27.95,2023-03-30T07:00:00.000Z
Nike Defy All Day,White,59.95,59.95,2021-05-31T22:00:00.000Z
KD15,Metallic Gold/University Red/Orewood Brown/Midnight Navy,134.95,134.95,2023-02-06T08:00:00.000Z
Nike Dunk High Retro,Stadium Green/Stadium Green/White/White,109.95,109.95,2023-04-11T07:00:00.000Z
Nike React Vision,Black/Iron Grey/White/University Red,119.95,83.97,2022-10-28T07:00:00.000Z
Nike SB Zoom Blazer Mid Premium Plus,Plum Eclipse/Kumquat/Gum Yellow/Plum Eclipse,99.95,59.97,2023-01-10T08:00:00.000Z
Nike Streetgato,Cave Purple/Off-Noir/Pink Blast,72.95,47.47,2022-11-17T08:00:00.000Z
Air Jordan 1 Retro High OG,True Blue/Cement Grey/White,164.95,164.95,2023-01-05T08:30:00.000Z
Nike Romaleos 4 SE,Pale Ivory/Phantom/Spruce Aura/Hyper Violet,178.95,178.95,2023-03-24T08:00:00.000Z
Nike Gripknit Phantom GX Elite Dynamic Fit Fusion FG,Black/White/Blue Glow/Volt,249.95,249.95,2023-03-06T08:00:00.000Z
Air Jordan 1 Mid SE,White/Black/Ice Blue,119.95,119.95,2023-03-20T15:00:00.000Z
Nike ISPA Sense Flyknit,Enigma Stone/Elemental Gold/Seafoam,179.95,179.95,2022-09-01T07:56:00.000Z
Nike Air Flight Lite Mid,White/Black,119.95,119.95,2022-09-16T07:00:00.000Z
Nike MC Trainer 2,Obsidian/White/Bright Crimson,69.95,69.95,2023-04-06T07:00:00.000Z
NikeCourt Zoom Pro,Gridiron/Mineral Teal/Bright Cactus/Sail,99.95,99.95,2023-03-24T08:00:00.000Z
Nike Dunk Low Retro,Apple Green/White/Yellow Strike/Yellow Strike,99.95,99.95,2023-03-06T15:00:00.000Z
Nike x MMW 005,Light Bone/Chrome/Light Bone,169.95,169.95,2022-09-15T11:45:00.000Z
Nike Terminator High SE,Black/Baroque Brown/Velvet Brown,124.95,124.95,2023-01-30T17:28:00.000Z
Nike SB Chron 2,Black/Black/Gum Light Brown/White,64.95,45.47,2021-06-30T22:00:00.000Z
Nike Vaporfly 3,Sail/Total Orange/Volt/Cobalt Bliss,234.95,234.95,2023-04-13T07:00:00.000Z
Nike Air Force 1 Low Unlocked By You,Multi-Colour/Multi-Colour/Multi-Colour,144.95,144.95,2023-01-12T17:00:00.000Z
Nike React Vision,Black/Black/White,124.95,124.95,2022-02-11T13:13:00.000Z
Nike SB Dunk High x Run The Jewels,Active Pink/Metallic Gold/Black,114.95,114.95,2023-04-11T11:36:00.000Z
Nike Air VaporMax 2021 FK,Black/Black/Anthracite/Black,199.95,199.95,2022-08-01T10:30:00.000Z
Jordan One Take 4,Black/White/Purple Pulse/Dark Concord,89.95,53.97,2023-01-09T08:00:00.000Z
Nike Zoom Mercurial Superfly 9 Academy IC,White/Pink Blast/Baltic Blue,84.95,84.95,2023-01-19T08:00:00.000Z
Nike Air Force 1 Low Retro,University Red/White,134.95,134.95,2023-01-16T11:06:00.000Z
Nike Dunk High Retro,Dark Beetroot/Wolf Grey/White/Dark Beetroot,109.95,109.95,2022-09-07T00:00:00.000Z
Nike Air Max Excee,White/Pure Platinum/Black,109.95,109.95,2019-06-05T22:00:00.000Z
Nike Victori One Next Nature,Light Iron Ore/Black,37.95,30.47,2022-05-09T07:00:00.000Z
Nike Renew Run 4,Bright Crimson/Hot Punch/Obsidian/White,84.95,76.47,2023-03-01T08:00:00.000Z
Nike Air Force 1 Low Retro,White/Metallic Gold/Flat Silver/Metallic Silver,134.95,134.95,2022-11-22T15:34:00.000Z
Nike Air Max Plus 3,White/Black/Gunsmoke/Team Orange,169.95,169.95,2022-12-16T08:00:00.000Z
Nike Court Vision Low,Black/White/University Red,69.95,41.97,2022-05-30T09:46:00.000Z
Nike SB Zoom Blazer Mid,Black/Black/Sail/White,79.95,51.97,2022-09-19T07:00:00.000Z
Air Jordan 5 Retro Low SP,Black/Fire Red/Metallic Silver/Classic Jade,179.95,179.95,2022-09-01T05:00:00.000Z
Nike Air Max Scorpion Flyknit SE,Racer Blue/Game Royal/Deep Royal Blue/Safety Orange,224.95,224.95,2023-03-01T13:25:00.000Z
Nike Air Max SC,White/Light Orewood Brown/Gum Light Brown/Picante Red,79.95,79.95,2023-03-21T08:00:00.000Z
Nike Air Trainer 1,White/University Blue/Old Royal/White,114.95,114.95,2022-11-21T08:00:00.000Z
Nike Kwondo 1 x PEACEMINUSONE,White/Black/Black,164.95,164.95,2023-04-06T09:36:00.000Z
Nike Alphafly 2,,279.95,279.95,2023-02-16T08:00:00.000Z
Nike Dunk High Retro,,109.95,109.95,2023-01-10T08:00:00.000Z
Nike Air Max 95,,169.95,169.95,2023-01-17T08:00:00.000Z
Nike Air Max Terrascape 90,,144.95,144.95,2022-08-01T10:18:00.000Z
Jordan Series ES,,74.95,41.47,2022-08-01T10:18:00.000Z
Jordan Max Aura 4,,114.95,114.95,2022-06-22T07:00:00.000Z
Nike Waffle One Leather,,109.95,60.47,2022-08-01T09:02:00.000Z
Air Jordan 1 Low,,109.95,109.95,2022-06-22T07:00:00.000Z
Nike Flex Experience Run 11 Next Nature,,64.95,64.95,2022-08-01T07:00:00.000Z
Nike Blazer Mid '77 Vintage,White/White/Black,99.95,59.97,2023-03-01T08:00:00.000Z
Nike Victori One,Medium Olive/Sequoia/Black,32.95,29.97,2022-12-19T08:00:00.000Z
NikeCourt Vapor Lite,Black/White,64.95,64.95,2021-05-06T22:00:00.000Z
Air Jordan 12 Low,White/White/Metallic Silver/Varsity Red,199.95,159.97,2022-11-15T08:18:00.000Z
NikeCourt Zoom NXT,Obsidian/Green Glow/White/Hyper Pink,134.95,134.95,2022-11-11T08:00:00.000Z
Nike Zoom Mercurial Vapor 15 Elite SG-Pro Anti-Clog Traction,Metallic Copper/Metallic Copper,244.95,244.95,2022-11-07T08:00:00.000Z
Nike SB Chron 2,Summit White/Summit White/Sand Drift/Action Grape,64.95,64.95,2023-03-21T08:00:00.000Z
Nike Zoom Rival,Blue Chill/Bright Crimson/White/Black,69.95,62.97,2023-03-01T08:00:00.000Z
Nike Offcourt,Green Spark/Pine Green/Pro Green/White,39.95,31.97,2022-10-27T07:00:00.000Z
Nike Air Max 90,Wheatgrass/University Gold/Light Bone/Wheatgrass,144.95,144.95,2022-10-14T19:10:00.000Z
Nike Romaleos 4 SE,White/Bright Crimson/Pink Blast/Black,178.95,178.95,2023-03-24T08:00:00.000Z
Air Jordan 1 Retro High OG Craft,Vivid Orange/Iced Lilac/True Blue/Black,169.95,169.95,2023-03-23T12:38:00.000Z
Nike Air Huarache,Black/Phantom/Khaki,114.95,68.97,2022-12-16T08:00:00.000Z
Nike ACG Air Mada,Light Menta/Electric Purple/Tour Yellow/Black,124.95,74.97,2022-10-04T08:06:00.000Z
Nike React HyperSet LE,White/Summit White/Gum Light Brown/Metallic Gold,117.95,117.95,2023-01-10T08:00:00.000Z
Nike Legend Essential 2,Pure Platinum/White/Black,54.95,41.47,2020-12-15T16:44:00.000Z
Nike Dunk High Retro,Iron Grey/Opti Yellow/White/Gym Red,114.95,114.95,2023-03-09T08:00:00.000Z
Nike Air Max 95,White/Coconut Milk/Rough Green/Black,169.95,84.97,2023-02-01T13:49:00.000Z
Nike Blazer Low '77 Premium,White/White/University Red/Stadium Green,89.95,62.97,2023-01-05T08:00:00.000Z
Nike Wildhorse 8,Black/Cool Grey/White/Wolf Grey,114.95,114.95,2023-03-07T08:00:00.000Z
Zoom Freak 4 'Letter Bros',Ironstone/Cobblestone/Sail/Orange Trance,114.95,80.47,2022-11-01T08:00:00.000Z
Luka 1 'Next Nature',Light Orewood Brown/Black/Barely Green/Light Menta,109.95,109.95,2022-12-01T08:00:00.000Z
Nike Air Max 1 '86 Premium,White/Light Neutral Grey/University Red,144.95,144.95,2023-03-18T12:46:00.000Z
Nike Air Max 95 '3 Lions',White/Challenge Red/Blue Void/White,169.95,169.95,2022-11-04T08:00:00.000Z
"Nike Air Deldon ""Legacy""",Summit White/Pure Platinum/Indigo Storm,109.95,109.95,2023-02-09T08:00:00.000Z
Nike Air Max 270,Wolf Grey/Iron Grey/Black,144.95,144.95,2023-01-12T09:00:00.000Z
Nike Air Max 97 SE,Summit White/Safety Orange/Lemon Wash/Black,179.95,179.95,2023-02-23T08:00:00.000Z
Nike Air Kukini SE,Coast/Signal Blue/White/Black,124.95,56.47,2022-09-29T09:09:00.000Z
Nike Air Penny 2 x Stüssy,Black/Black/White,179.95,179.95,2022-12-12T15:09:00.000Z
Jordan Point Lane,White/Light Smoke Grey/University Red/Hyper Royal,124.95,87.47,2022-09-14T07:00:00.000Z
Nike Air Zoom Infinity Tour NEXT%,Wolf Grey/Cool Grey/Black,159.95,119.97,2023-01-05T08:00:00.000Z
Air Jordan 1 Zoom CMFT,Fossil Stone/Fossil Rose/Psychic Purple/White,144.95,144.95,2022-07-11T08:55:00.000Z
ACG Air Deschutz+,Midnight Navy/Thunder Blue/Rattan/Light Crimson,72.95,72.95,2023-04-13T07:00:00.000Z
Nike Air Zoom Infinity Tour NEXT%,Phantom/White/Bright Crimson/Obsidian,159.95,159.95,2023-03-23T08:00:00.000Z
Nike React Tiempo Legend 9 Pro TF,Black/Summit White/Light Photo Blue/Dark Smoke Grey,99.95,99.95,2022-08-01T07:00:00.000Z
Nike Air Max AP,Black/Anthracite/White/Volt,114.95,68.97,2022-12-16T08:00:00.000Z
Nike Air Max 97 Premium,Medium Brown/Mushroom/Muslin/Pink Foam,169.95,169.95,2022-08-19T07:44:00.000Z
Nike Pole Vault Elite,White/Laser Orange/Hyper Pink/Black,119.95,119.95,2023-03-21T08:00:00.000Z
Air Jordan 1 Low,Black/White/Gym Red,109.95,109.95,2023-03-30T10:33:00.000Z
NikeCourt Vapor Lite 2,Black/White,74.95,74.95,2023-03-24T08:00:00.000Z
Nike x Billie Eilish Air Force 1 High '07,Sequoia/Sequoia/Sequoia,152.95,152.95,2022-10-04T08:35:00.000Z
Zoom KD 3,Challenge Red/Black/White,114.95,114.95,2023-03-01T08:00:00.000Z
Nike SB Ishod Wair Premium,Light Stone/Summit White/White/Khaki,89.95,89.95,2023-02-01T08:17:00.000Z
Nike Flex Experience Run 11 Next Nature,Aviator Grey/Metallic Silver/Black,59.95,44.97,2022-09-01T07:00:00.000Z
Nike Air Force 1 '07 LX,White/Coconut Milk/Pale Vanilla,109.95,109.95,2022-07-11T08:55:00.000Z
Nike Gripknit Phantom GX Elite Dynamic Fit AG-Pro,Baltic Blue/White/Laser Blue/Pink Blast,249.95,249.95,2023-01-16T08:00:00.000Z
Nike React Tiempo Legend 9 Pro TF,Rosewood/Glacier Blue/Rosewood/White,109.95,65.97,2023-03-01T08:00:00.000Z
Zion 2 x Naruto,Black/Yellow Strike/Dark Purple Dust/Laser Blue,124.95,124.95,2023-02-09T00:00:00.000Z
Nike Air Force 1 Mid '07 LX,Limestone/Rattan/Summit White/Limestone,124.95,124.95,2022-10-07T09:46:00.000Z
Nike Phantom GX Academy SG-Pro Anti-Clog Traction,Baltic Blue/White/Laser Blue/Pink Blast,79.95,79.95,2023-01-19T08:00:00.000Z
Nike SB Ishod Wair Premium,White/White/Black/Black,99.95,99.95,2023-03-21T08:00:00.000Z
Nike Air Zoom Long Jump Elite,White/Black/Black/Black,109.95,98.97,2023-02-01T08:17:00.000Z
Nike Air Max 90 G,White/Black/Photon Dust/Game Royal,124.95,124.95,2023-03-24T08:00:00.000Z
Nike Air Max 90,Court Purple/Lemon Drop/Wolf Grey/Black,124.95,124.95,2021-11-30T08:00:00.000Z
Nike Air Max 1 '86 OG G,White/Neutral Grey/Black/University Red,152.95,152.95,2023-03-28T07:00:00.000Z
Nike Zoom Mercurial Vapor 15 Academy CR7 IC,White/Concord/Medium Blue/Metallic Copper,79.95,79.95,2023-02-01T13:49:00.000Z
Nike Court Vision Mid,Black/White/University Red,74.95,52.47,2022-12-16T08:00:00.000Z
Nike Court Vision Low,Photon Dust/White/Racer Blue,69.95,69.95,2023-04-06T07:00:00.000Z
Nike React Infinity 3 By You,White/Black/White/Multi-Colour,179.95,179.95,2023-03-13T16:00:00.000Z
Nike Moc Flow x UNDERCOVER,Ale Brown/Light Beige Chalk/Team Royal,144.95,144.95,2023-03-29T16:17:00.000Z
Nike Mercurial Superfly 9 Club IC,White/Pink Blast/Baltic Blue,64.95,64.95,2023-01-19T08:00:00.000Z
Nike SB Nyjah 3 PRM,Summit White/Tour Yellow/Lucky Green/Black,99.95,59.97,2022-12-15T08:00:00.000Z
Jordan Play,True Blue/White,37.95,37.95,2023-04-13T07:00:00.000Z
Nike Waffle Debut,Grey Fog/Light Smoke Grey/White/White,69.95,69.95,2023-02-01T08:17:00.000Z
Nike Pegasus Trail 4,Dark Pony/Picante Red/Rush Fuchsia/Sail,124.95,124.95,2023-04-13T07:00:00.000Z
Nike Air Max Plus OG,Varsity Red/Raspberry Red/Black/Gold,169.95,169.95,2023-03-16T08:00:00.000Z
Nike Air Max 95 Ultra,White/Wolf Grey/Photon Dust,169.95,169.95,2023-04-04T07:00:00.000Z
Nike Air VaporMax 2021 Flyknit SE,White/Yellow Ochre/University Red/Old Royal,204.95,204.95,2023-02-23T08:00:00.000Z
Nike Gripknit Phantom GX Elite Dynamic Fit FG SE,Citron Tint/Burgundy Crush,259.95,259.95,2023-02-06T08:00:00.000Z
ISPA Mindbody,Olive Grey/Iron Grey/Wheatgrass/Palm Green,164.95,164.95,2023-02-15T17:34:00.000Z
Nike Air Max 95,Black/Anthracite/Metallic Silver,179.95,179.95,2023-04-12T14:15:00.000Z
Nike Zoom Mercurial Vapor 15 Elite AG-Pro,Metallic Copper/Metallic Copper,234.95,234.95,2022-11-07T08:00:00.000Z
Jordan Why Not .6,Black/White/Metallic Gold,134.95,134.95,2023-03-27T07:00:00.000Z
Air Jordan 1 Hi FlyEase,Black/White/Wild Berry,164.95,164.95,2023-01-23T00:00:00.000Z
LeBron XX,Gym Red/Burgundy Crush/Black/University Red,199.95,199.95,2023-02-09T08:00:00.000Z
LeBron XX,Black/White/Pure Platinum/Metallic Gold,179.95,179.95,2023-04-06T07:00:00.000Z
Air Jordan 7 Retro SE,Shimmer/Sapphire/Black,189.95,189.95,2022-09-01T05:00:00.000Z
Nike SB Zoom Blazer Mid Premium Plus,Pilgrim/Phantom,99.95,59.97,2022-11-12T08:00:00.000Z
Nike Air Force 1 '07 LV8 EMB,Summit White/Blue Whisper/Football Grey/White,114.95,114.95,2023-02-14T08:00:00.000Z
Nike LeBron 9 Low,New Green/Action Red/White/Black,169.95,169.95,2022-09-20T07:18:00.000Z
Nike Mercurial Vapor 15 Club TF,White/Pink Blast/Baltic Blue,54.95,54.95,2023-01-19T08:00:00.000Z
Nike Air More Uptempo,Black/Black/Clear/White,79.95,79.95,2023-03-21T08:00:00.000Z
Nike Zoom Vomero 5 SP,Anthracite/Black/Wolf Grey/Anthracite,144.95,144.95,2023-01-23T15:43:00.000Z
Jordan Series Mid,Cool Grey/Sail/University Red/Black,89.95,53.97,2023-01-09T08:00:00.000Z
Air Jordan 11 Retro Low IE,Light Orewood Brown/White/Cement Grey/Neutral Grey,164.95,82.47,2022-09-19T11:49:00.000Z
Nike Air Max Plus Utility,Medium Olive/Black,179.95,179.95,2023-04-10T14:00:00.000Z
Nike Air Max 270 G,White/Pure Platinum/Black,134.95,134.95,2020-12-13T23:00:00.000Z
Nike Air Max 90,Black/Cool Grey/White,144.95,86.97,2022-12-26T08:00:00.000Z
Nike Air Humara,Silver/Midnight Navy/Black/Desert Bronze,144.95,144.95,2023-03-29T16:23:00.000Z
Nike Dunk High Retro,White/Light Iron Ore/Sand Drift/Pure Platinum,114.95,114.95,2023-03-01T08:00:00.000Z
Nike Air Force 1 '07 Fresh,Black/Black/Black/Anthracite,124.95,124.95,2022-10-07T13:10:00.000Z
Nike Zoom Rival,White/Metallic Silver/Pure Platinum/Black,69.95,69.95,2023-03-21T08:00:00.000Z
Nike Air Max 90 LTR,Pearl Pink/Baroque Brown/Picante Red/Baroque Brown,134.95,134.95,2023-03-24T08:00:00.000Z
Nike SB Force 58,Pink Bloom/Phantom/Gum Yellow/Mineral Teal,69.95,69.95,2023-04-11T07:00:00.000Z
Nike Zoom Mercurial Vapor 15 Academy IC,White/Pink Blast/Baltic Blue,74.95,74.95,2023-01-19T08:00:00.000Z
Nike Air Monarch IV,White/Cool Grey/Anthracite/White,69.95,69.95,2022-07-01T10:26:00.000Z
Nike React Infinity 3 Premium,Phantom/Oatmeal/Citron Pulse/Ale Brown,164.95,164.95,2023-02-02T08:00:00.000Z
Jordan 6 Rings,White/Black/University Red,164.95,164.95,2023-03-22T08:00:00.000Z
Nike Blazer Mid '77 SE,Summit White/Phantom/Mica Green/White,99.95,99.95,2023-02-14T08:00:00.000Z
NikeCourt Air Zoom Pro,Gridiron/Mineral Teal/Bright Cactus/Sail,99.95,99.95,2023-03-31T07:00:00.000Z
Jordan Delta 3 Low,White/Barely Green/Mint Foam/Wolf Grey,124.95,74.97,2023-01-16T08:00:00.000Z
Nike Air Max 97,Black/Picante Red/Metallic Silver/Wolf Grey,169.95,118.97,2023-01-12T09:00:00.000Z
Nike Air Tuned Max,Black/Black/Metallic Silver/Black,154.95,84.97,2021-11-01T08:00:00.000Z
Nike Tiempo Legend 9 Academy MG,Barely Volt/Summit White/Volt,72.95,72.95,2023-04-06T07:00:00.000Z
Nike Offcourt,Dynamic Yellow/Paramount Blue/Green Spark/Coastal Blue,39.95,31.97,2022-09-20T07:00:00.000Z
Nike Air Max Terrascape Plus,Light Bone/Sea Coral/Vivid Orange/Velvet Brown,179.95,179.95,2023-04-13T07:00:00.000Z
Nike Blazer Mid '77 Vintage,White/Coconut Milk/White/Picante Red,99.95,69.97,2023-01-16T08:00:00.000Z
Nike Dunk High Retro,Sail/Pure Platinum/Black/White,114.95,114.95,2022-10-24T13:45:00.000Z
Nike Streakfly,White/Bright Crimson/Sail/Obsidian,144.95,144.95,2023-04-06T07:00:00.000Z
Tatum 1 'St. Louis',White/University Blue/University Gold/University Red,109.95,109.95,2023-04-15T07:00:00.000Z
Nike Air Max 90 GTX,Black/Cargo Khaki/Iron Grey/Tour Yellow,152.95,91.97,2022-10-27T07:00:00.000Z
Nike Phantom GX Pro Dynamic Fit FG,Baltic Blue/White/Laser Blue/Pink Blast,144.95,144.95,2023-01-19T08:00:00.000Z
Kyrie Low 5,Dark Marina Blue/Black/Viotech/Pinksicle,104.95,83.97,2023-03-01T13:27:00.000Z
Nike React HyperSet LE,Black/Metallic Silver/Sunset Pulse/Metallic Dark Grey,123.95,77.97,2022-12-22T08:00:00.000Z
Nike SB Blazer Low Pro GT Premium,Black/Black/Photon Dust/Safety Orange,74.95,74.95,2022-11-01T08:00:00.000Z
Air Jordan 1 Retro High OG,Vachetta Tan/Sail/Black,164.95,164.95,2022-09-13T06:02:00.000Z
Nike Air Max 90,Flat Pewter/Black/Obsidian/White,134.95,134.95,2023-04-03T07:00:00.000Z
Nike Zoom Mercurial Dream Speed Superfly 9 Elite FG,Cobalt Bliss/Fuchsia Dream/Hot Punch/Black,259.95,259.95,2023-02-11T08:00:00.000Z
Air Jordan 2 Retro,White/Sail/Light Steel Grey/Lucky Green,169.95,169.95,2023-01-20T14:04:00.000Z
Zoom Freak 4,Pale Vanilla/Coral Chalk,124.95,124.95,2023-04-01T07:00:00.000Z
Nike ACG Moc,Ocean Bliss/Black/Ocean Bliss,84.95,84.95,2023-02-23T08:00:00.000Z
Nike Air Max 95,Black/Sequoia/Cargo Khaki/Earth,169.95,169.95,2023-01-12T12:44:00.000Z
Nike Dunk High x SOULGOODS,Medium Olive/Black/Multi-Colour,129.95,129.95,2022-11-21T11:34:00.000Z
Nike Dunk Low Retro SE,Summit White/Summit White/Industrial Blue/Industrial Blue,109.95,109.95,2023-01-23T00:00:00.000Z
Nike Air Max Plus,White/Cool Grey/Black,179.95,125.97,2022-12-26T08:00:00.000Z
Nike Air Max Flyknit Racer,Volt/White/Sequoia/Black,152.95,152.95,2023-04-13T07:00:00.000Z
Nike Blazer Mid Pro Club,Light Bone/Phantom/Summit White/White,99.95,99.95,2023-03-21T08:00:00.000Z
Nike SuperRep Cycle 2 Next Nature,Iron Grey/Phantom/Black,114.95,114.95,2023-04-13T07:00:00.000Z
Nike Air Max 270,White/Midnight Navy/Psychic Blue/Chile Red,129.95,103.97,2023-02-01T08:00:00.000Z
Air Jordan XXXVII Low,Black/University Red/Dark Grey/Metallic Gold,164.95,164.95,2023-03-30T07:00:00.000Z
Nike Blazer Mid '77 Jumbo,Summit White/Blackened Blue/Citron Tint/Malachite,99.95,59.97,2023-02-01T08:17:00.000Z
NikeCourt Zoom Pro,Obsidian/Green Glow/White/Hyper Pink,89.95,89.95,2022-11-11T08:00:00.000Z
Nike Air Force 1 Low Retro QS,White/Classic Green/White,124.95,124.95,2023-03-21T08:00:00.000Z
Nike Air Max TW SE,Phantom/Light Bone/Light Photo Blue/Opti Yellow,152.95,152.95,2023-04-14T07:00:00.000Z
Nike Air Max Plus,Wheatgrass/University Gold/Gum Light Brown/Black,169.95,152.97,2023-03-01T08:00:00.000Z
Nike Air Max 1 '86 OG G NRG,Phantom/Topaz Gold/Midwest Gold/Gridiron,169.95,169.95,2023-03-27T14:00:00.000Z
Nike Air Max 95,Light Bone/Khaki/Dune Red/Summit White,169.95,169.95,2022-11-09T08:00:00.000Z
Nike Air Max Impact 4,White/Sail/Copa/Black,89.95,89.95,2023-03-22T08:00:00.000Z
Nike Air Huarache,Black/Metallic Silver/Wolf Grey,114.95,80.47,2023-01-12T08:00:00.000Z
Nike Zoom Mercurial Superfly 9 Academy AG,White/Pink Blast/Baltic Blue,84.95,84.95,2023-01-19T08:00:00.000Z
Jordan 6 Rings,Black/White/Gym Red,164.95,98.97,2022-12-16T08:00:00.000Z
Nike P-6000,White/Metallic Platinum/Dark Charcoal/Varsity Red,99.95,99.95,2023-02-09T08:00:00.000Z
Nike Air Zoom Victory Tour 3 NRG,Phantom/Midwest Gold/Gridiron,224.95,224.95,2023-03-29T07:00:00.000Z
Nike Zoom Vomero 5,Wheatgrass/Brown/Elemental Gold/Gold Suede,144.95,144.95,2023-01-30T17:28:00.000Z
Jordan Play,Black/Photon Dust/Off-Noir/University Red,37.95,32.47,2023-02-01T08:17:00.000Z
"Nike LeBron 2 ""Maccabi""",White/Varsity Crimson/Metallic Gold,189.95,189.95,2022-10-11T00:00:00.000Z
NikeCourt Zoom Lite 3,Black/White,59.95,47.97,2021-12-17T09:01:00.000Z
Nike Phantom GT2 Elite AG-Pro,Glacier Ice/Yellow Strike/Sunset Glow/Black,224.95,224.95,2022-08-24T07:00:00.000Z
Nike SB Zoom Nyjah 3,Game Royal/Game Royal/Game Royal/White,99.95,59.97,2023-01-23T08:00:00.000Z
Nike Dunk High Retro Premium,Summit White/Phantom/Pink Oxford/White,114.95,68.97,2023-02-09T00:00:00.000Z
Air Jordan XXXVII,Black/Midnight Fog/Midas Gold/Bordeaux,169.95,101.97,2023-01-05T08:00:00.000Z
Nike Tanjun,White/Barely Volt/Black,69.95,48.97,2021-09-14T14:31:00.000Z
Nike SB Zoom Blazer Mid Premium,Black/Black/White/Anthracite,99.95,99.95,2023-03-21T08:00:00.000Z
Nike Zoom Metcon Turbo 2,Sail/Photon Dust/Citron Tint,144.95,86.97,2023-01-16T08:00:00.000Z
NikeCourt Air Zoom Vapor 9.5 Tour Premium,Black/Phantom/White,179.95,179.95,2023-02-24T08:00:00.000Z
Nike Zoom Rival SD 2,White/Hyper Pink/Laser Orange/Black,69.95,69.95,2022-12-16T08:00:00.000Z
Nike Blazer '77 Jumbo,Sail/Hemp/Black/Cacao Wow,109.95,76.97,2022-11-28T08:00:00.000Z
The Nike Premier 3 SG-PRO Anti-Clog Traction,Black/White,109.95,109.95,2022-09-06T07:00:00.000Z
Nike Gripknit Phantom GX Elite Dynamic Fit Fusion AG-Pro,Black/White/Blue Glow/Volt,249.95,249.95,2023-03-06T08:00:00.000Z
Nike E-Series AD,Sail/Phantom/Black,72.95,65.97,2023-03-01T08:00:00.000Z
Nike Air Max TW,Summit White/White/Washed Teal/University Red,144.95,86.97,2023-01-16T15:00:00.000Z
Nike Air Zoom G.T. Jump,Black/White,179.95,179.95,2023-04-01T07:00:00.000Z
Nike Infinity G,Black/White,69.95,69.95,2022-11-01T08:00:00.000Z
Nike Terminator High,White/Sail/Cocoa/Black,124.95,124.95,2022-11-28T12:05:00.000Z
Nike Zoom Metcon Turbo 2,Volt/Wolf Grey/Photon Dust/Diffused Blue,144.95,144.95,2023-03-23T08:00:00.000Z
Nike Blazer Mid '77 Jumbo,White/White/Sail/Black,99.95,99.95,2022-08-01T10:30:00.000Z
Nike Dunk High Retro,University Gold/White/Habanero Red/Black,109.95,109.95,2022-12-08T14:06:00.000Z
Nike SB Zoom Blazer Mid,Baroque Brown/Baroque Brown/White/Adobe,79.95,55.97,2022-12-16T08:00:00.000Z
Nike React Tiempo Legend 9 Pro TF,White/Baltic Blue/Pink Blast/Black,109.95,109.95,2023-01-19T08:00:00.000Z
Kyrie Flytrap 6,Orange Trance/Black/Canyon Rust/Yellow Strike,84.95,59.47,2023-02-06T08:00:00.000Z
Nike MC Trainer 2,Iron Grey/Black/Gum Medium Brown/White,69.95,62.97,2023-03-01T08:00:00.000Z
Nike Metcon 7,Total Orange/Dark Smoke Grey/Clear Emerald/White,124.95,74.97,2023-03-01T08:00:00.000Z
Nike Blazer Low '77 Vintage,White/Sail/Black,89.95,89.95,2020-06-07T22:00:00.000Z
Air Max 90 LTR,White/White/White,134.95,134.95,2019-11-19T23:00:00.000Z
NikeCourt Royale 2 Next Nature,White/Black,64.95,64.95,2022-08-01T07:00:00.000Z
Nike Air Force 1 '07 Premium,Team Red/Gym Red/Team Red/Sail,124.95,124.95,2022-10-05T07:00:00.000Z
Nike Air Force 1 Low Billie,White/White/White,114.95,114.95,2023-03-16T12:45:00.000Z
Air Jordan 13 Retro,Black/Flint Grey/White/University Red,189.95,189.95,2023-04-12T14:15:00.000Z
Air Jordan 1 Mid SE Craft,Sail/Fossil Stone/Celestial Gold/Taupe Haze,124.95,124.95,2023-03-01T08:00:00.000Z
Nike Dunk Hi Retro,White/White/Picante Red/Picante Red,109.95,65.97,2023-01-16T00:00:00.000Z
Nike Air Max SYSTM,Black/Wolf Grey/White,89.95,53.97,2022-08-01T07:00:00.000Z
Nike Blazer Low '77 Jumbo,White/White/Sail/Black,89.95,89.95,2022-08-01T10:30:00.000Z
Nike SB Nyjah 3,White/Summit White/Hyper Pink/Black,99.95,99.95,2022-11-30T08:00:00.000Z
Air Jordan 1 Low G,White/Phantom/Volt/Black,114.95,114.95,2023-04-01T07:00:00.000Z
Air Jordan 9 Retro,Black/Light Olive/Aquatone/Bright Concord,189.95,189.95,2023-01-02T10:35:00.000Z
Nike Dunk Low Retro,White/White/Black,99.95,99.95,2023-04-13T12:57:00.000Z
Nike Air Force 1 Mid React,Sail/Ghost Green/Glacier Blue/Black,129.95,129.95,2022-08-16T07:00:00.000Z
Jordan Break,Black/White/University Red,29.95,29.95,2022-09-14T07:00:00.000Z
Nike Air VaporMax 2023 Flyknit,Pure Platinum/Pure Platinum/Pure Platinum/White,204.95,204.95,2023-04-10T07:00:00.000Z
Nike High Jump Elite,White/Hyper Pink/Laser Orange/Black,119.95,119.95,2023-03-21T08:00:00.000Z
Nike Air Max 1 Premium,Baltic Blue/Gridiron/Sail/Sesame,152.95,152.95,2023-03-10T14:27:00.000Z
Nike SB Zoom Blazer Mid,Summit White/Summit White/White/Laser Orange,79.95,79.95,2023-03-21T08:00:00.000Z
Air Jordan 1 Retro Low OG,Black/Dark Smoke Grey/Light Smoke Grey/Fire Red,134.95,134.95,2023-03-01T08:00:00.000Z
Tatum 1 'Zoo',Black/University Red/Beach/Metallic Gold,109.95,109.95,2023-04-04T16:00:00.000Z
Nike SB Ishod Wair,Flax/Flax/Gum Light Brown/Wheat,99.95,59.97,2022-12-16T08:00:00.000Z
Nike Internationalist By You,Multi-Colour/Multi-Colour/Multi-Colour,109.95,109.95,2021-10-13T16:00:00.000Z
Nike Air Force 1 '07,White/Light Bone/Solar Flare/Phantom,114.95,114.95,2022-07-13T07:00:00.000Z
Jordan Play Luka,Multi-Colour/Glow,39.95,35.97,2022-10-06T07:00:00.000Z
Nike Air Max TW SE,Summit White/Sesame/Light Photo Blue/Safety Orange,152.95,152.95,2023-02-23T08:00:00.000Z
Nike Air Force 1 React,White/Sail/Black/White,124.95,124.95,2022-10-11T07:00:00.000Z
Nike Quest 4,Black/Dark Smoke Grey,69.95,48.97,2023-02-01T08:17:00.000Z
Nike Air More Uptempo '96,Dark Pony/Coconut Milk/Sail/Medium Soft Pink,164.95,164.95,2023-02-06T15:33:00.000Z
Nike Air More Uptempo '96,Black/Racer Blue/Hyper Pink/Bright Crimson,164.95,164.95,2023-03-06T08:00:00.000Z
Nike Air Max 97,Light Smoke Grey/Cool Grey/Black/Volt,179.95,179.95,2023-02-27T15:00:00.000Z
Nike Air Max Plus 3,Light Smoke Grey,169.95,169.95,2023-03-21T08:00:00.000Z
Nike Tiempo Legend 9 Academy IC,White/Baltic Blue/Pink Blast/Black,72.95,72.95,2023-01-19T08:00:00.000Z
Nike Offcourt Adjust,Light Silver/Team Gold/Light Bone/Sail,39.95,39.95,2023-03-21T08:00:00.000Z
Nike Air Force 1 Mid '07 QS,Venice/Summit White,124.95,124.95,2022-08-01T06:38:00.000Z
Nike React HyperSet LE,White/Bright Crimson/Pink Blast/Black,123.95,123.95,2023-04-05T07:00:00.000Z
Air Jordan 2 Retro,White/Black/Varsity Red,179.95,179.95,2022-12-19T11:56:00.000Z
Nike Phantom GX Club Dynamic Fit MG,Baltic Blue/White/Laser Blue/Pink Blast,64.95,64.95,2023-01-19T08:00:00.000Z
Nike Air Max 95 QS,Summit White/Cool Grey/Wolf Grey/Light Bone,164.95,164.95,2022-08-19T07:44:00.000Z
LeBron XX 'Stocking Stuffer',Green Apple/University Red/Bright Crimson/Reflect Silver,179.95,179.95,2022-12-20T08:12:00.000Z
Nike Air Zoom Flight 95,Black/Ale Brown/Summit White/Valerian Blue,152.95,152.95,2022-10-10T07:00:00.000Z
Nike Air Max Flyknit Racer Next Nature,Black/Anthracite/Black/Black,152.95,152.95,2022-08-01T09:02:00.000Z
Nike Air Max 1 Premium,Summit White/Dark Atomic Teal/Sail/Black,164.95,164.95,2023-03-02T12:30:00.000Z
Nike Manoa Leather,Black/Black/Black,99.95,99.95,2020-10-09T08:10:00.000Z
Jordan Jumpman Pro,Black/Metallic Silver/White,129.95,77.97,2022-11-07T08:00:00.000Z
Nike Air More Uptempo '96,Black/Multi-Colour/Cobalt Bliss/White,164.95,164.95,2023-02-18T08:00:00.000Z
Air Jordan Legacy 312 Low,Sail/White/Gym Red/Black,134.95,134.95,2023-04-01T07:00:00.000Z
Nike Air Max TW,White/Light Lemon Twist/Pure Platinum/Midnight Navy,144.95,101.47,2022-12-19T08:00:00.000Z
Nike Tiempo Legend 9 Academy IC,Black/Anthracite/Metallic Gold/Black,69.95,69.95,2023-02-01T13:49:00.000Z
Nike SB Zoom Blazer Low Pro GT,White/White/White/Black,74.95,52.47,2022-05-30T09:46:00.000Z
Nike Zoom Mercurial Superfly 9 Academy TF,White/Pink Blast/Baltic Blue,84.95,84.95,2023-01-19T08:00:00.000Z
Nike Zoom Mercurial Dream Speed Vapor 15 Elite FG,Cobalt Bliss/Fuchsia Dream/Hot Punch/Black,244.95,244.95,2023-02-11T08:00:00.000Z
Nike Air Flight Lite Mid,White/Lemon/Black/White,119.95,83.97,2022-12-16T08:00:00.000Z
Nike Wearallday,Black/White,69.95,38.97,2020-06-30T22:00:00.000Z
Nike High Jump Elite,White/Black/Black,112.95,96.47,2023-02-01T08:17:00.000Z
Nike Air Max 1 Premium 2,Soft Grey/Thunder Grey/Coconut Milk/Neutral Grey,152.95,152.95,2023-02-15T17:34:00.000Z
Nike Gripknit Phantom GX Elite Fusion SG-Pro Anti-Clog Traction,Black/White/Blue Glow/Volt,244.95,244.95,2023-03-06T08:00:00.000Z
Air Jordan 1 Low,Palomino/White/Wild Berry,109.95,109.95,2023-01-23T00:00:00.000Z
KD15,White/Volt/Photon Dust/Black,134.95,134.95,2023-04-01T07:00:00.000Z
NikeCourt Zoom Lite 3,White/Black,59.95,50.97,2021-12-20T09:04:00.000Z
Nike Air Max 270,White/Volt/Black,144.95,144.95,2023-03-21T08:00:00.000Z
Nike Air Max 90 SE,Summit White/Sesame/Lemon Wash/Safety Orange,144.95,144.95,2023-02-23T08:00:00.000Z
LeBron NXXT Gen,Wolf Grey/Hyper Royal,152.95,152.95,2023-03-01T08:00:00.000Z
Nike Air Pegasus '89,White/Photon Dust/Racer Blue,109.95,109.95,2023-04-04T07:00:00.000Z
Nike Triple Jump Elite 2,White/Laser Orange/Hyper Pink/Black,124.95,99.97,2023-02-01T08:17:00.000Z
Nike Air Max Flyknit Racer,Black/White,152.95,107.47,2022-08-01T09:02:00.000Z
Nike Air Max Dawn,Grey Fog/Black/Gum Light Brown/Summit White,109.95,87.97,2023-03-01T08:00:00.000Z
Air Jordan 6 Retro,White/Cool Grey/Medium Grey,189.95,189.95,2023-02-15T17:34:00.000Z
Air Jordan 1 Mid SE,Black/White/Dark Concord,124.95,124.95,2023-02-20T15:00:00.000Z
Air Jordan XXXVII,Black/Club Purple/Dark Charcoal/True Red,167.95,100.97,2023-02-01T08:17:00.000Z
Air Jordan 1 Zoom CMFT 2,Black/Cement Grey/White/Fire Red,144.95,144.95,2023-01-27T00:00:00.000Z
Nike Phantom GX Academy Dynamic Fit MG By You,Multi-Colour/Multi-Colour/Multi-Colour,112.95,112.95,2023-01-31T17:00:00.000Z
Nike Air Max 95,Black/Iron Grey/Cool Grey/Volt,179.95,179.95,2023-02-27T15:00:00.000Z
Nike Air Max 95 QS,Team Red/University Red/Coral Chalk/Summit White,164.95,164.95,2022-08-19T07:44:00.000Z
Air Jordan 1 Mid,Palomino/Wild Berry/White,114.95,114.95,2023-01-23T00:00:00.000Z
Nike Phantom GX Club MG,Black/Dark Smoke Grey/Total Orange/Summit White,54.95,54.95,2023-01-19T08:00:00.000Z
Nike Revolution 6 FlyEase Next Nature,Black/Iron Grey/White,59.95,59.95,2021-09-14T14:31:00.000Z
Nike Gripknit Phantom GX Elite Dynamic Fit AG By You,Multi-Colour/Multi-Colour,279.95,279.95,2023-01-17T17:00:00.000Z
Nike Zoom Mercurial Superfly 9 Pro FG,White/Pink Blast/Indigo Haze/Baltic Blue,144.95,144.95,2023-01-19T08:00:00.000Z
Nike Zoom Mercurial Superfly 9 Elite FG,Metallic Copper/Metallic Copper,249.95,149.97,2022-11-01T08:00:00.000Z
Nike Zoom Mercurial Vapor 15 Pro FG,White/Pink Blast/Indigo Haze/Baltic Blue,134.95,134.95,2023-01-19T08:00:00.000Z
Nike Gripknit Phantom GX Elite FG SE,Citron Tint/Burgundy Crush,244.95,244.95,2023-02-06T08:00:00.000Z
Nike Air Max 95 By You,Multi-Colour/Multi-Colour/Multi-Colour/Multi-Colour,179.95,179.95,2022-06-07T16:00:00.000Z
Nike Infinity Pro 2,Phantom/Bright Crimson/White/Midnight Navy,114.95,114.95,2023-03-23T08:00:00.000Z
Nike Metcon 8 By You,Multi-Colour/Multi-Colour/Multi-Colour/Multi-Colour,152.95,152.95,2022-07-18T16:00:00.000Z
Nike Revolution 6 Next Nature,Midnight Navy/Obsidian/Ashen Slate/White,59.95,59.95,2021-09-30T22:00:00.000Z
Nike Zoom Superfly Elite 2,Hyper Pink/Laser Orange/Black,159.95,159.95,2023-02-06T08:00:00.000Z
Jumpman Two Trey,White/Black/Game Royal,134.95,134.95,2023-04-13T07:00:00.000Z
Nike Metcon 8 AMP,Deep Purple/Barely Volt/Blackened Blue/Baltic Blue,134.95,134.95,2023-01-09T08:00:00.000Z
NikeCourt Air Zoom NXT,Mineral Teal/Gridiron/Bright Cactus/Sail,144.95,144.95,2023-03-24T08:00:00.000Z
NikeCourt Zoom Vapor Cage 4 Rafa,Baltic Blue/Green Abyss/White/Vivid Orange,144.95,144.95,2023-01-12T08:00:00.000Z
ACG Air Deschutz+,Ashen Slate/Ashen Slate/Black/Hemp,69.95,69.95,2022-05-13T06:42:00.000Z
Nike Air Huarache Premium,Sail/Black/White/Hemp,124.95,124.95,2023-01-30T08:00:00.000Z
Nike Dunk High Retro,White/University Red/Sail/Game Royal,114.95,68.97,2022-07-11T08:27:00.000Z
NikeCourt Air Zoom Vapor AJ3,White/Black/Dark Grey/Racer Blue,199.95,199.95,2023-04-14T07:00:00.000Z
Nike Zoom Mercurial Dream Speed Vapor 15 Academy TF,Cobalt Bliss/Fuchsia Dream/Hot Punch/Black,79.95,79.95,2023-02-16T08:00:00.000Z
Nike Tiempo Legend 9 Elite FG,Black/Summit White/Light Photo Blue/Dark Smoke Grey,214.95,214.95,2022-12-28T08:00:00.000Z
Nike Air Zoom Victory,Hyper Pink/Laser Orange/Black,224.95,224.95,2023-01-19T08:00:00.000Z
Nike Air Max 90 GTX,Anthracite/Obsidian/Cool Grey/Pure Platinum,152.95,152.95,2022-12-16T08:00:00.000Z
Nike Blazer Low '77 Jumbo SE,Light Smoke Grey/Photon Dust/Anthracite/Sail,89.95,89.95,2023-04-13T07:00:00.000Z
Nike Air Max 97,Iron Grey/White/Black/Yellow Strike,169.95,169.95,2022-11-28T08:00:00.000Z
Jordan Break,Black/White,29.95,26.97,2020-01-01T08:00:00.000Z
Nike ZoomX Dragonfly,Hyper Pink/Laser Orange/Black,159.95,159.95,2023-02-14T08:00:00.000Z
Nike Air Trainer 1,Dark Pony/Coconut Milk/Sail/Medium Soft Pink,114.95,114.95,2023-02-09T00:00:00.000Z
Nike SB Nyjah 3,Black/Black/Summit White/White,99.95,59.97,2022-12-15T08:00:00.000Z
Nike Air Force 1 Low Retro,White/White/White,114.95,114.95,2023-03-24T09:36:00.000Z
Nike Free Run 5.0 Next Nature Premium,Sail/Fuchsia Dream/Sand Drift/Ale Brown,114.95,114.95,2023-02-02T08:00:00.000Z
NikeCourt Zoom Pro,Black/White,89.95,44.97,2022-04-04T07:00:00.000Z
Air Jordan 1 Low SE Craft,Taupe Haze/Celestial Gold/Fossil Stone/Mint Foam,114.95,114.95,2023-01-23T15:00:00.000Z
Nike Zoom Mercurial Vapor 15 Pro TF,White/Pink Blast/Baltic Blue,114.95,114.95,2023-01-19T08:00:00.000Z
Nike React Infinity 3 By You,White/Black/White/Multi-Colour,179.95,179.95,2023-03-13T16:00:00.000Z
Roshe G Next Nature,Ocean Bliss/Mineral Teal/Citron Tint/White,89.95,89.95,2023-01-23T08:00:00.000Z
Nike Air Max 95,Iron Grey/Volt/Black/White,169.95,169.95,2022-12-21T08:00:00.000Z
Nike Pegasus Trail 4 GORE-TEX,Diffused Taupe/Dark Pony/Sail/Picante Red,144.95,144.95,2023-04-13T07:00:00.000Z
Nike Zegama,Mineral Teal/Wolf Grey/Racer Blue/Obsidian,144.95,115.97,2022-12-16T08:00:00.000Z
Jordan Series Mid,Sail/White/Gum Light Brown/Black,89.95,62.97,2023-01-03T08:00:00.000Z
Nike Dunk High 85,Summit White/University Red/Coconut Milk/Barely Rose,124.95,124.95,2022-09-20T14:45:00.000Z
Nike Zoom Mamba 6,White/Metallic Silver/Black,124.95,124.95,2023-02-06T08:00:00.000Z
Nike Air Force 1 Low Retro,White/Gum Yellow/Metallic Gold/Pink,134.95,80.97,2022-09-27T11:23:00.000Z
Nike Air Max SYSTM,Black/White/University Red,99.95,69.97,2022-12-16T08:00:00.000Z
Nike Air Trainer 1,Limestone/Ale Brown/White/Valerian Blue,114.95,114.95,2022-10-13T00:00:00.000Z
Air Jordan 1 Low SE,Black/White/Iced Lilac,104.95,104.95,2023-02-20T00:00:00.000Z
Nike ACG Lowcate,Wolf Grey/Grey Fog/Summit White/Navy,109.95,109.95,2022-09-20T14:45:00.000Z
Nike Dunk High By You,Multi-Colour/Multi-Colour/Multi-Colour,134.95,134.95,2022-11-01T16:00:00.000Z
Nike Dunk Low Unlocked By You,Multi-Colour/Multi-Colour/Multi-Colour/Multi-Colour,134.95,134.95,2022-07-11T16:00:00.000Z
Air Jordan 1 Mid,Black/White/Fire Red,114.95,114.95,2023-01-02T08:44:00.000Z
Nike Blazer Low '77 Jumbo SE,Summit White/Midnight Navy/Phantom/Summit White,89.95,62.97,2023-01-16T08:00:00.000Z
Nike Structure 24,Midnight Navy/Black/White/White,114.95,114.95,2023-03-23T08:00:00.000Z
Nike P-6000,White/Metallic Platinum/Black/Opti Yellow,99.95,99.95,2023-02-09T08:00:00.000Z
Nike Pegasus 39 Shield,Black/Dark Smoke Grey/Volt/White,119.95,71.97,2022-09-23T07:00:00.000Z
Nike Phantom GX Academy Dynamic Fit MG,Barely Volt/Barely Grape/Gridiron,84.95,84.95,2023-04-06T07:00:00.000Z
Nike SuperRep Go 3 Next Nature Flyknit,College Navy/Black/Bright Crimson/White,99.95,99.95,2023-03-23T08:00:00.000Z
Nike SB Ishod Premium,Baroque Brown/Black/Obsidian,99.95,59.97,2023-01-05T08:00:00.000Z
The Nike Premier 3 FG,Cinnabar/University Red/Sail/Metallic Silver,89.95,89.95,2022-08-01T07:00:00.000Z
Nike Air Max 95,Wolf Grey/Cool Grey/White,169.95,169.95,2023-04-04T07:00:00.000Z
Nike Phantom GX Academy MG,Barely Volt/Barely Grape/Gridiron,74.95,74.95,2023-04-06T07:00:00.000Z
Zion 2,White/Black/Photon Dust/Flash Crimson,109.95,109.95,2023-03-30T07:00:00.000Z
Nike Phantom GX Academy MG By You,Multi-Colour/Multi-Colour/Multi-Colour,104.95,104.95,2023-01-31T17:00:00.000Z
Jordan Delta 3 Low,Sail/Photon Dust/Chile Red/Wolf Grey,124.95,99.97,2023-02-01T13:49:00.000Z
Nike Air Penny 2 x Stüssy,Vivid Green/Black/Black,179.95,179.95,2022-12-15T13:41:00.000Z
Nike Gripknit Phantom GX Elite SG-Pro Anti-Clog Traction,Baltic Blue/White/Laser Blue/Pink Blast,244.95,244.95,2023-01-16T08:00:00.000Z
Nike Zoom Vomero 5,Velvet Brown/Earth/Anthracite/Gym Red,144.95,144.95,2023-04-14T08:30:00.000Z
Nike Air Max Flyknit Racer,Multi-Colour/Racer Blue/White/Black,152.95,107.47,2023-01-24T08:00:00.000Z
Nike Air Max SYSTM,White/Summit White/Black,99.95,99.95,2023-03-21T08:00:00.000Z